First split,,,,Second split,,,,Third split,,,,Fourth split,,,,Fifth split,
CD8_B,CD8_G,,,CD8_1,CD8_2+3,,,CD8_6,CD8_4+5,,,CD8_2,CD8_3,,,CD8_4,CD8_5
VCAM1,IL7R,,,SPC25,TXNIP,,,PLAC8,CXCL13,,,GEM,GIMAP5,,,S1PR1,CXCL13
CCL3,TCF7,,,CDCA5,TTN,,,GIMAP6,ELL2,,,APLP2,AOAH,,,LTB,HAVCR2
HAVCR2,GPR183,,,ESCO2,,,,GIMAP2,SLC7A5,,,SLC7A5,GIMAP7,,,GPR183,CTLA4
MYO7A,LMNA,,,CDC6,,,,GIMAP5,NR4A3,,,TGIF1,SCML4,,,ZNF683,TOX
GOLIM4,NR4A3,,,SHCBP1,,,,GIMAP4,LMNA,,,RDH10,LY9,,,SELL,TNFRSF9
CD38,MGAT4A,,,CDC45,,,,GIMAP7,DUSP4,,,FKBP4,GIMAP6,,,CCR7,DTHD1
ENTPD1,AIM1,,,RRM2,,,,GNLY,CREM,,,HSPH1,TC2N,,,P2RY8,NAB1
NDFIP2,CD55,,,DLGAP5,,,,SELL,CDKN1A,,,NAMPTL,GIMAP2,,,LMNA,TTN
MCM5,FAM65B,,,ZWINT,,,,DENND2D,KPNA2,,,TNFRSF18,GBP1,,,TNF,PDCD1
FASLG,RORA,,,RAD51,,,,PTPN6,CCDC64,,,DCTN6,GIMAP4,,,CDKN1A,IPCEF1
ACP5,TC2N,,,DTL,,,,TRPV2,PHLDA1,,,MTSS1,SAMD9L,,,S100A10,ITGAE
SNAP47,PER1,,,KIF18B,,,,IL16,CKS2,,,TNFRSF9,PPP1R18,,,PRNP,FKBP5
STMN1,FAM102A,,,TK1,,,,FLT3LG,ATP1B3,,,PFKFB3,GYG1,,,SORL1,SIRPG
PDCD1,FAM177A1,,,CCNB2,,,,S1PR1,TIPARP,,,PELI1,SAMD3,,,FAM65B,FCRL3
CXCL13,ATM,,,SPC24,,,,FAM65B,PFKFB3,,,DNAJA4,STOM,,,TMEM123,CD84
WARS,REL,,,BIRC5,,,,LTB,SAMSN1,,,RANGAP1,CYTH4,,,TES,PAM
CXCR6,FOSL2,,,UBE2C,,,,TNFAIP8,AHI1,,,CREM,GZMM,,,PIM1,CXCR6
PRDX3,STAT4,,,CDC20,,,,TRAF3IP3,DCTN6,,,FAM3C,GLIPR2,,,EMP3,ETS1
LSM2,FOXP1,,,CENPW,,,,PARP9,FAM177A1,,,SEC14L1,RAB37,,,GLIPR2,ATHL1
IGFLR1,EGR1,,,CDCA3,,,,A2M,KDM6B,,,CKS2,TBC1D10C,,,TPM4,CD27
MTHFD1,PIK3R1,,,HJURP,,,,SAMD3,GABARAPL1,,,DFNB31,MYO1F,,,OASL,PYHIN1
FABP5,TSPYL2,,,MELK,,,,GRAP2,INSIG1,,,VCAM1,GPR174,,,GLUL,IL6ST
DNPH1,,,,RAD51AP1,,,,PXN,TNFSF9,,,RGCC,C5orf56,,,RORA,SMAP2
SIRPG,,,,DHFR,,,,KLRG1,GTF2B,,,AHI1,GRAP2,,,NR4A1,LYST
PTTG1,,,,GINS2,,,,SASH3,TSPYL2,,,KPNA2,SLFN5,,,CXCR3,ERAP2
IFI35,,,,PKMYT1,,,,SSBP1,NAMPT,,,NR4A1,FAM102A,,,ANXA1,KLRC4
CCR5,,,,ANLN,,,,SAMHD1,RALGAPA1,,,TSPYL2,PATL2,,,ANXA2,LRMP
TNFRSF9,,,,CENPH,,,,SORL1,JMJD6,,,ZFAND2A,PVRIG,,,GPR132,CCL4L2
SKA2,,,,ASF1B,,,,ADD3,RGCC,,,LAYN,AGTRAP,,,LYAR,PRDM1
UBE2F,,,,CLSPN,,,,DBNL,MTHFD2,,,NAB1,ARHGAP25,,,GADD45B,AHI1
SAE1,,,,CDCA8,,,,MGAT4A,TSC22D2,,,RALA,PARP9,,,HSPA1A,PLCB2
TRAFD1,,,,GGH,,,,GIT2,REL,,,HSPB1,C14orf159,,,S100A11,EVL
HLA-DQA1,,,,KIFC1,,,,PRMT2,PLK3,,,PDE3B,RPS6KA1,,,TMBIM1,LPIN1
EPSTI1,,,,TYMS,,,,C19orf66,VPS37B,,,ITPRIP,PKN1,,,DNAJB9,PDE4D
CTLA4,,,,FEN1,,,,COX7A2L,SELK,,,PHLDA1,CSK,,,MTRNR2L1,RBPJ
GTF3C6,,,,KIF2C,,,,RGS10,HSPH1,,,ETV1,TBCD,,,PBX4,TCIRG1
IFI27L2,,,,KIAA0101,,,,DAD1,SLC38A2,,,HSPD1,HMOX2,,,TCF7,OXNAD1
HLA-DMA,,,,PLK1,,,,PTPN4,OAT,,,ZEB2,EPSTI1,,,MGAT4A,CBLB
PDIA6,,,,SPAG5,,,,XAF1,RASGEF1B,,,METRNL,CCND3,,,SOD2,HNRNPLL
CD2BP2,,,,ORC6,,,,PVRIG,YPEL5,,,CTLA4,KLRG1,,,CSRNP1,DUSP4
BATF,,,,WDR34,,,,SLC44A2,SERTAD1,,,FOSL2,TES,,,BIRC2,NAP1L4
RANBP1,,,,KIF23,,,,PIM1,ZNF331,,,TNFSF9,SASH3,,,CDC42EP3,TXNIP
MRPL51,,,,TOP2A,,,,TMBIM4,GSPT1,,,CADM1,IDH2,,,CD55,RGS1
OAS3,,,,RFC3,,,,CMC1,HNRNPLL,,,AHSA1,RP4-583P15.14,,,MT2A,CCL4L1
CDC123,,,,TIMELESS,,,,TXNIP,CRTAM,,,ZBTB1,SELPLG,,,VIM,RAP1GDS1
PCNA,,,,AURKB,,,,ATM,TGIF1,,,BPGM,SLAMF7,,,XCL2,TIGIT
HSD17B10,,,,NUF2,,,,PHB2,EIF4A3,,,CACYBP,RCSD1,,,ZC3H12A,PARK7
CLTA,,,,NCAPG,,,,COA1,ICOS,,,GSPT1,MX1,,,HSPA1B,CCL4
VAMP5,,,,MLF1IP,,,,SIT1,MPZL3,,,REL,CD52,,,STIP1,IKZF3
FKBP1A,,,,BRCA1,,,,HERC3,BTG3,,,ICOS,SP110,,,TUBA1C,SH2D1A
NDUFB3,,,,SGOL1,,,,PSD4,HBP1,,,ENTPD1,ARHGEF3,,,IL21R,ATXN1
NOP10,,,,CKAP2L,,,,AES,TMEM2,,,HBP1,SLAMF6,,,TTC39C,ITK
SHFM1,,,,CDK1,,,,POLD4,NR4A2,,,TBC1D4,LIME1,,,EIF4A3,
COX5A,,,,MCM4,,,,C20orf112,NASP,,,NEU1,CXCR3,,,LGALS1,
TIGIT,,,,TROAP,,,,C2orf68,NFE2L2,,,CCDC64,RNF166,,,PPP3CA,
BLOC1S1,,,,ASPM,,,,GMFG,FAM46C,,,PMAIP1,OAS2,,,MOB4,
ANXA5,,,,HMGB3,,,,OXNAD1,FOSL2,,,AMD1,TPST2,,,DOK2,
PAM,,,,MCM2,,,,GPSM3,ETF1,,,RASGEF1B,IL16,,,IFNG,
JAKMIP1,,,,NCAPG2,,,,ESYT1,HSPD1,,,GTF2B,CD48,,,CCT2,
HLA-DRA,,,,CDKN3,,,,TBC1D10C,ZEB2,,,SERTAD1,DENND2D,,,RILPL2,
SNRPD1,,,,CASC5,,,,IRF9,AMD1,,,NAMPT,PIM1,,,C14orf166,
GZMB,,,,TCF19,,,,ERP29,SDCBP,,,CHORDC1,,,,CAST,
COPZ1,,,,KIF11,,,,TMEM230,MYADM,,,NFE2L2,,,,YWHAQ,
CD63,,,,HIRIP3,,,,ARHGAP25,TUBB4B,,,DDX3Y,,,,PPP2R3C,
CARD16,,,,BRCA2,,,,DEF6,PAF1,,,MORF4L2,,,,CHMP1B,
FIBP,,,,CCNB1,,,,GNG5,FAM129A,,,BIRC3,,,,RGCC,
ATP5J,,,,APOBEC3B,,,,TTC39C,IFRD1,,,BTG3,,,,REL,
GSTO1,,,,MKI67,,,,BIN2,BIRC3,,,PER1,,,,STOM,
TOX,,,,TPX2,,,,MFNG,GTPBP1,,,CRTAM,,,,KPNA2,
TXN2,,,,CCNF,,,,SRP9,HEXIM1,,,AFAP1L2,,,,PTP4A1,
C17orf49,,,,NCAPH,,,,PTEN,NEU1,,,EIF4A3,,,,RAB8B,
ADORA2A,,,,ECT2,,,,SYTL1,SYAP1,,,RHBDD2,,,,SC5D,
CHST12,,,,ATAD5,,,,PRKACB,ZC3H12A,,,HSPE1,,,,BCAS2,
TRIM59,,,,STMN1,,,,C5orf56,IL21R,,,JMJD6,,,,CDK17,
TMPO,,,,UBE2T,,,,MYO1F,RGPD6,,,DEDD2,,,,INSIG1,
PSMB2,,,,FANCI,,,,HMOX2,IDI1,,,IFRD1,,,,NEU1,
HELLS,,,,PRC1,,,,NUCB2,NR4A1,,,CXCL13,,,,ABLIM1,
SNRPE,,,,RNASEH2A,,,,NME1-NME2,TUBA4A,,,B3GNT2,,,,PPP2CA,
NDUFAB1,,,,BUB1B,,,,UBE2L6,RNF19A,,,IL21R,,,,SDCBP,
SQRDL,,,,CKS1B,,,,VPS29,NR3C1,,,HSPA4,,,,CHP1,
SERPINB1,,,,CENPM,,,,SNX17,IL6ST,,,BHLHE40,,,,CACYBP,
MX1,,,,SMC2,,,,ST6GAL1,RGS2,,,SDCBP,,,,SAMD3,
MEA1,,,,CCNA2,,,,CSK,ZBTB1,,,ATP1B3,,,,MAP1LC3B2,
GPR56,,,,BUB1,,,,RBL2,RANBP2,,,CHD1,,,,FOS,
NUTF2,,,,CENPN,,,,PPIE,MAT2A,,,BANP,,,,SLFN11,
BST2,,,,AURKA,,,,STX16,CHMP1B,,,ZC3H12A,,,,TAGLN2,
FUT8,,,,MAD2L1,,,,PILRB,DNTTIP2,,,EIF5,,,,DDX21,
DUT,,,,CDCA7,,,,LENG8,BCAS2,,,LRMP,,,,TMEM50A,
GNG5,,,,CHTF18,,,,C11orf31,SKIL,,,CD55,,,,SLMO2,
ATP6V1E1,,,,CHEK1,,,,ABRACL,TNFRSF1B,,,ZNF331,,,,CD5,
AP2S1,,,,CENPF,,,,ANP32B,POLR3E,,,POLR3E,,,,SCP2,
CALM3,,,,LIG1,,,,TPST2,CSRNP1,,,TUBB4B,,,,CD28,
MRPS34,,,,KNTC1,,,,ATP5A1,LYST,,,SLC38A2,,,,RAB7L1,
CD27,,,,RPL39L,,,,NFATC3,GOLGB1,,,DUSP4,,,,ATP2B1,
TMEM179B,,,,POLE,,,,ARHGEF3,EIF5,,,CNIH1,,,,CD52,
SRI,,,,POLD1,,,,GLIPR2,PDE4B,,,TMPO,,,,CAMLG,
PSMB3,,,,RFC5,,,,CKLF,JUND,,,STIP1,,,,PLP2,
IFI6,,,,MXD3,,,,OSTF1,PER1,,,RGS2,,,,TOR1AIP2,
SIT1,,,,RFC4,,,,SNX6,DNAJA1,,,GLS,,,,MAP2K3,
PON2,,,,RACGAP1,,,,LAMTOR4,TFRC,,,CCT2,,,,CAMK4,
PSMA4,,,,LRR1,,,,ERAP1,SIK1,,,SMAP2,,,,EGR1,
CYC1,,,,C19orf48,,,,PSMB10,PTPN22,,,CD82,,,,MAPRE1,
PYCARD,,,,PAICS,,,,OCIAD2,BRD2,,,DNAJA1,,,,P4HB,
AK2,,,,WDR76,,,,C19orf60,POLR2A,,,KIR2DL4,,,,IFITM3,
BANF1,,,,CENPE,,,,TCF7,IVNS1ABP,,,VPS37B,,,,DDX39A,
OAS2,,,,NUDT1,,,,C17orf62,PPP1R15B,,,HSPA1A,,,,H2AFV,
PSMA2,,,,FBXO5,,,,PUF60,H2AFZ,,,NASP,,,,KDM6B,
SNRPC,,,,HAUS8,,,,ARRDC3,SMAP2,,,HEXIM1,,,,RHOG,
TALDO1,,,,SHMT1,,,,LY6E,USP36,,,PON2,,,,TRAM1,
PARP1,,,,CDK2,,,,DRAP1,ZFAND5,,,NOP56,,,,HSPB1,
CTSB,,,,FANCG,,,,EIF3M,AKIRIN1,,,FXR1,,,,PSMC6,
FDPS,,,,SNRNP25,,,,SELPLG,CNOT6L,,,STAT5A,,,,ELOVL5,
CD82,,,,MCM7,,,,SYNRG,DUSP10,,,PTP4A1,,,,GNG2,
NDUFA12,,,,POLA2,,,,LY9,SYTL3,,,KDM2A,,,,CASP4,
IFNG,,,,PCNA,,,,CBX3,AHSA1,,,ARID5B,,,,FLNA,
ARPC5L,,,,NRM,,,,AIP,DENND4A,,,NDFIP1,,,,C10orf54,
TMX1,,,,TMEM106C,,,,SCAMP2,MCL1,,,PAM,,,,FOSL2,
RAB27A,,,,GMNN,,,,CD48,ITM2A,,,DDIT3,,,,NDUFS5,
ETFB,,,,NDC80,,,,USP33,PMAIP1,,,MYO7A,,,,CCT6A,
PTPN6,,,,DTYMK,,,,RER1,ALG13,,,GOLIM4,,,,OAT,
DBI,,,,NCAPD2,,,,ATP5F1,GLS,,,TRPS1,,,,BAZ1A,
PRDX5,,,,DUT,,,,NLRP1,MAP1LC3B2,,,HBS1L,,,,ATP6V0E1,
ANAPC11,,,,TEX30,,,,SNRPA1,RNF125,,,NFAT5,,,,EIF5A,
CHMP5,,,,HIST1H4C,,,,LCP2,PTP4A1,,,WHSC1L1,,,,MRPS6,
FPGS,,,,RRM1,,,,IFI6,PPP1R10,,,AZIN1,,,,JUN,
DCTN3,,,,POLD3,,,,MYL12A,ATXN1,,,PTPN11,,,,UQCRFS1,
IRF2,,,,AHCY,,,,,CHD1,,,PAF1,,,,PSMA2,
TWF2,,,,POP7,,,,,RBPJ,,,MOB4,,,,MKLN1,
PSMG2,,,,CDCA7L,,,,,DNAJB6,,,SEMA4A,,,,DYNLL1,
PSMC3,,,,MCM3,,,,,RGPD5,,,GATA3,,,,TIPARP,
PGAM1,,,,ACOT7,,,,,GGA2,,,NDEL1,,,,HSPA5,
NDUFAF3,,,,NCAPD3,,,,,EZR,,,SAMSN1,,,,TUBB4B,
ERH,,,,FANCD2,,,,,EMD,,,GPR56,,,,SQSTM1,
IDH2,,,,DPYSL2,,,,,GPR65,,,MTHFD2,,,,RNF138,
VOPP1,,,,CDK4,,,,,HLA-DRB5,,,UBE2F,,,,DEDD2,
GTF2A2,,,,PHF19,,,,,TUBA1B,,,TCP1,,,,ILF2,
C11orf48,,,,PRIM1,,,,,STARD7,,,NOP58,,,,ARL4C,
C7orf73,,,,KIF22,,,,,MKNK2,,,CSRNP1,,,,PDCL3,
CHMP2A,,,,CDCA4,,,,,DDX3Y,,,SMC4,,,,CCT4,
ATP5G3,,,,RFC2,,,,,HLA-DRA,,,GABARAPL1,,,,TUBA1A,
DFNB31,,,,NME1,,,,,DYNLL1,,,SLC7A6,,,,TUBB,
PSMC1,,,,LSM5,,,,,SQSTM1,,,FAM177A1,,,,DNTTIP2,
SNRPF,,,,LMNB1,,,,,ELF1,,,VEZT,,,,PIK3R1,
PSMD4,,,,FARSB,,,,,NDEL1,,,IDI1,,,,EMD,
TMEM140,,,,HIST1H1D,,,,,RAB1A,,,TP53INP1,,,,ATP5F1,
TSTA3,,,,UNG,,,,,HSPE1,,,PRNP,,,,CTSW,
COX8A,,,,HADH,,,,,PLIN2,,,IRF4,,,,PLIN2,
NAB1,,,,DDX11,,,,,NXF1,,,STAT5B,,,,S100A6,
BAK1,,,,TUBG1,,,,,RGS1,,,YPEL5,,,,ITM2C,
DECR1,,,,DCTPP1,,,,,CCNH,,,NGRN,,,,CCT8,
VDAC1,,,,TIMM10,,,,,BCL2L11,,,CD200R1,,,,SELPLG,
SMC3,,,,POLD2,,,,,DDX3X,,,RNF138,,,,HINT1,
PMF1,,,,KIF18A,,,,,HERPUD1,,,UBE2B,,,,PRDX2,
NDUFC2,,,,MRPL17,,,,,NAA50,,,IGFLR1,,,,OCIAD2,
EZH2,,,,NCAPH2,,,,,WSB1,,,DUSP10,,,,ST3GAL1,
RPS6KA1,,,,SLC43A3,,,,,SLA,,,CNOT6L,,,,BIRC3,
PLSCR1,,,,GGCT,,,,,CDK17,,,NAA50,,,,FAM49B,
SARNP,,,,NUSAP1,,,,,MED29,,,MSI2,,,,ELMSAN1,
STOML2,,,,RBBP8,,,,,MORF4L2,,,GOLGA4,,,,TMED10,
SF3B14,,,,HAUS4,,,,,RUNX3,,,CEBPZ,,,,ITGB1,
EIF6,,,,ACAT2,,,,,DEDD2,,,ARL8B,,,,NFE2L2,
NUDT5,,,,MMS22L,,,,,PRDM2,,,ZFAND5,,,,GBP2,
RNF181,,,,CENPK,,,,,SRRT,,,MAT2A,,,,HSPE1,
SDHC,,,,ATAD2,,,,,HNRNPUL1,,,RIC8A,,,,BNIP2,
LAG3,,,,HAUS7,,,,,MAP1LC3B,,,RP11-345J4.5,,,,ACTR3,
C12orf75,,,,DNAJC9,,,,,HLA-DRB1,,,FCRL3,,,,UXT,
CNIH1,,,,H2AFX,,,,,GPBP1,,,NDFIP2,,,,KIAA1683,
USB1,,,,PRDX4,,,,,NUP98,,,GTF3C1,,,,CKS2,
GALM,,,,TFDP1,,,,,STAT3,,,TUBA1B,,,,ADIPOR1,
NUDT21,,,,ANAPC15,,,,,DDX27,,,EZH2,,,,NAMPT,
GIMAP6,,,,MSH2,,,,,KIAA1191,,,SYTL3,,,,B4GALT1,
PTPRJ,,,,PAFAH1B3,,,,,IQGAP2,,,ID3,,,,PSMB1,
CTSC,,,,H2AFV,,,,,EIF1AX,,,LAPTM4A,,,,MAP1LC3B,
SNRNP40,,,,SSRP1,,,,,TUBA1A,,,SYAP1,,,,PLK3,
UBE2L3,,,,USP1,,,,,CYCS,,,RBM14,,,,AHSA1,
NUDT22,,,,VRK1,,,,,SRSF7,,,CSNK1D,,,,HSPD1,
TMEM258,,,,RPA3,,,,,GPCPD1,,,BATF,,,,NR4A3,
SMC4,,,,TACC3,,,,,ATF4,,,NUP98,,,,CD69,
CDK2AP2,,,,FN3KRP,,,,,SRSF2,,,ATHL1,,,,HN1,
SFT2D1,,,,MAGOHB,,,,,ANXA5,,,SQSTM1,,,,BZW1,
MDH1,,,,MSH6,,,,,DUSP2,,,TMEM2,,,,SLC2A3,
EIF4E,,,,ITGB3BP,,,,,OASL,,,HSPA1B,,,,MXD1,
MCTP2,,,,MCM6,,,,,HERPUD2,,,ATF4,,,,G3BP2,
UQCRC1,,,,IFRD2,,,,,SFPQ,,,SYNGR2,,,,S100A4,
ABI3,,,,PDCD5,,,,,CSNK1D,,,NR3C1,,,,DENND4A,
ATP5I,,,,RAD51C,,,,,ARID5B,,,EMD,,,,DNAJA1,
EED,,,,HAUS5,,,,,MAP2K3,,,TNIP3,,,,NDEL1,
ITGAE,,,,WHSC1,,,,,HLA-DQB1,,,BNIP3L,,,,CTSS,
POLR2G,,,,TTF2,,,,,PDE4D,,,STAT3,,,,TUBA1B,
GBP4,,,,ICMT,,,,,SPTAN1,,,NELL2,,,,UQCRQ,
MMADHC,,,,MT1E,,,,,,,,PMF1,,,,P2RY10,
NELFCD,,,,NABP2,,,,,,,,TNFRSF1B,,,,USP3,
TXLNA,,,,MRPL14,,,,,,,,MCM5,,,,RHOF,
DCTN2,,,,CCDC167,,,,,,,,SNAP23,,,,HIST2H2AA4,
TRAF5,,,,ACYP1,,,,,,,,FYTTD1,,,,DHRS7,
SLX1B,,,,THOC6,,,,,,,,DHX15,,,,PAFAH1B2,
PSMD8,,,,MZT2A,,,,,,,,GPBP1,,,,VDAC2,
GBP5,,,,EBNA1BP2,,,,,,,,FBXW11,,,,RAN,
TOMM5,,,,IMPDH2,,,,,,,,DNAJB6,,,,IDI1,
TMCO1,,,,ACTL6A,,,,,,,,CRKL,,,,CD164,
ATP5C1,,,,HAUS1,,,,,,,,CCT6A,,,,NDUFB8,
NDUFB7,,,,GLO1,,,,,,,,FAS,,,,LMAN2,
APOBEC3D,,,,MRPL27,,,,,,,,ZC3H7A,,,,ZNF410,
HLA-DRB5,,,,MYCBP,,,,,,,,RAB1A,,,,PDE4B,
SEC11A,,,,POLR2H,,,,,,,,TRIM26,,,,BIN2,
PLEKHJ1,,,,RFWD3,,,,,,,,CDK6,,,,TRAF1,
MCM7,,,,AKR7A2,,,,,,,,SOD1,,,,SKIL,
PPM1G,,,,MRPL15,,,,,,,,GGA2,,,,EHD1,
GBP1,,,,HELLS,,,,,,,,C5orf15,,,,PRDX1,
PRF1,,,,FH,,,,,,,,NFKBIA,,,,DNAJB6,
GYG1,,,,YEATS4,,,,,,,,DHX9,,,,RAP2B,
BRK1,,,,HPRT1,,,,,,,,PRDM2,,,,SURF4,
SEC11C,,,,UBR7,,,,,,,,SLC3A2,,,,PSMD6,
NDUFA9,,,,TRAP1,,,,,,,,HSP90AB1,,,,SERP1,
PDCD6,,,,MCM5,,,,,,,,SELK,,,,SELT,
OSTC,,,,SHMT2,,,,,,,,CLK4,,,,MYADM,
HLA-DQB1,,,,NUP37,,,,,,,,PPP1R15B,,,,SPOCK2,
SNX17,,,,SAE1,,,,,,,,TUBA1A,,,,SPCS3,
PEF1,,,,EXOSC8,,,,,,,,PAPOLA,,,,TLE3,
ATP5J2,,,,LSM3,,,,,,,,TMX4,,,,PRELID1,
SYT11,,,,CPSF3,,,,,,,,GALNT2,,,,EIF1AX,
CLNS1A,,,,MRPL24,,,,,,,,CCDC141,,,,CDC42SE1,
MPG,,,,HIST1H1C,,,,,,,,SAR1B,,,,CD47,
HK1,,,,LAS1L,,,,,,,,GTPBP1,,,,AMD1,
FAM195B,,,,NUP85,,,,,,,,HERPUD1,,,,UBE2D2,
PRMT1,,,,COMMD4,,,,,,,,USP9X,,,,ARL6IP5,
CASP3,,,,LSM4,,,,,,,,RBM19,,,,COX6A1,
WDR83OS,,,,POP4,,,,,,,,ZNF410,,,,UBE2N,
DTX3L,,,,ATIC,,,,,,,,H2AFZ,,,,NUDC,
C9orf16,,,,MZT2B,,,,,,,,ARPP19,,,,ARHGAP26,
PPP1CC,,,,EEF1E1,,,,,,,,RUNX3,,,,CLIC1,
ROMO1,,,,ARHGAP11B,,,,,,,,IL6ST,,,,STAT4,
YARS,,,,CTPS1,,,,,,,,EIF4E,,,,DDX18,
NHP2,,,,CD320,,,,,,,,SKIL,,,,PPP1R15B,
EID1,,,,TXNDC17,,,,,,,,ETF1,,,,MYL12B,
SF3B5,,,,SCCPDH,,,,,,,,USP16,,,,SIK1,
ITGB1BP1,,,,MRPS23,,,,,,,,PPP2CA,,,,RHOH,
PHLDA1,,,,RANBP1,,,,,,,,ATXN2L,,,,TBCD,
MDH2,,,,MRPL12,,,,,,,,PNRC1,,,,CYCS,
ACTR1A,,,,C1orf123,,,,,,,,ELP2,,,,MOB1A,
TRAPPC1,,,,SMS,,,,,,,,POLR2A,,,,BHLHE40,
CCT8,,,,IPO5,,,,,,,,PLIN2,,,,EIF3M,
FDFT1,,,,MRPL37,,,,,,,,AKIRIN1,,,,PPP1R15A,
DCP2,,,,ELP6,,,,,,,,TANK,,,,STAT1,
ARPC5,,,,PMVK,,,,,,,,PRMT1,,,,LDHA,
SLX1A,,,,RUVBL2,,,,,,,,HNRNPLL,,,,MORF4L2,
FCRL3,,,,NUP107,,,,,,,,SNRPG,,,,CCT3,
AKR1B1,,,,MRPS11,,,,,,,,CREBZF,,,,RAB5C,
OASL,,,,SNRPE,,,,,,,,CPSF6,,,,ATP6V1G1,
ZC3H7A,,,,MRPS26,,,,,,,,CCT4,,,,CHORDC1,
AL353354.2,,,,PGD,,,,,,,,ITGB1,,,,POLR3E,
CBX5,,,,STRA13,,,,,,,,BRD2,,,,HSP90AB1,
LAMP2,,,,UQCC2,,,,,,,,TOMM5,,,,TSC22D2,
H2AFY,,,,LSMD1,,,,,,,,SYT11,,,,SLC25A5,
GSDMD,,,,CIAPIN1,,,,,,,,OSBPL3,,,,PBXIP1,
CDK6,,,,BOLA3,,,,,,,,TFRC,,,,RALGAPA1,
THYN1,,,,BRIX1,,,,,,,,RSL1D1,,,,MPZL3,
RAB11A,,,,CKS2,,,,,,,,UTY,,,,DIAPH1,
CASP1,,,,MRPL52,,,,,,,,JTB,,,,CDC42SE2,
SRGAP2,,,,KIF20B,,,,,,,,CERKL,,,,PRDX6,
LAMTOR1,,,,BZW2,,,,,,,,HIPK1,,,,SERINC3,
CXCR3,,,,SNRPD1,,,,,,,,TERF2IP,,,,DUSP10,
COPS6,,,,TUBGCP3,,,,,,,,AKIRIN2,,,,LPXN,
FIS1,,,,GUCD1,,,,,,,,PRDX1,,,,PRKACB,
PSMA5,,,,HIST1H1E,,,,,,,,TTN,,,,NRBP1,
GORASP2,,,,CHCHD1,,,,,,,,RAF1,,,,ARF4,
EIF2S1,,,,TIMM8B,,,,,,,,BTG1,,,,GHITM,
S100PBP,,,,AAAS,,,,,,,,HSPA9,,,,PITHD1,
M6PR,,,,MRPL11,,,,,,,,NR4A2,,,,LITAF,
NDUFS7,,,,SLBP,,,,,,,,CCSER2,,,,UBE2B,
KDELR2,,,,THOC3,,,,,,,,SMARCA5,,,,PPP1CB,
HSPB1,,,,UTP11L,,,,,,,,SF3B4,,,,GPCPD1,
SDHD,,,,MZT1,,,,,,,,YTHDF3,,,,SUMO1,
ETFA,,,,SIGMAR1,,,,,,,,RP11-166B2.1,,,,CANX,
CHFR,,,,H2AFY,,,,,,,,COPA,,,,SELK,
AURKAIP1,,,,AARS,,,,,,,,PPP1R2,,,,PRKAR1A,
AIP,,,,BARD1,,,,,,,,KIF5B,,,,TRABD,
SNRPD3,,,,TMEM14C,,,,,,,,PDE4D,,,,UBE2D3,
SNX5,,,,MTHFD1,,,,,,,,SFPQ,,,,UBBP4,
SYNGR2,,,,ACAD9,,,,,,,,RAB27A,,,,TROVE2,
RBBP7,,,,GMPS,,,,,,,,GRSF1,,,,COX6C,
GBP2,,,,MPDU1,,,,,,,,SYNCRIP,,,,CIB1,
UQCRFS1,,,,TIMM13,,,,,,,,CDKN1B,,,,HCST,
RPS27L,,,,POLR3K,,,,,,,,GPX4,,,,PLEKHB2,
DYNLL1,,,,PTPLAD1,,,,,,,,ELF1,,,,C16orf54,
NDUFS8,,,,GADD45GIP1,,,,,,,,RGPD5,,,,TMED2,
LGALS1,,,,LRRC59,,,,,,,,NUDC,,,,XRCC5,
ATP5H,,,,VBP1,,,,,,,,YTHDF2,,,,MVP,
YIPF3,,,,TUBB,,,,,,,,CCT3,,,,RNF125,
SDHB,,,,SIVA1,,,,,,,,TRAT1,,,,CNN2,
CAPRIN1,,,,NHP2,,,,,,,,MYADM,,,,POMP,
IKZF3,,,,EBP,,,,,,,,RAPGEF1,,,,AKIRIN1,
UBE2L6,,,,PSMB5,,,,,,,,WSB1,,,,IL2RB,
TMED9,,,,SMC1A,,,,,,,,ASXL2,,,,TCP1,
TAF9,,,,MLH1,,,,,,,,FAM133B,,,,SLC9A3R1,
PDAP1,,,,PCNT,,,,,,,,HIF1A,,,,MKNK2,
PSMB10,,,,NDUFAB1,,,,,,,,PSMC4,,,,RAB7A,
LAP3,,,,PPIH,,,,,,,,SAFB,,,,ATP1A1,
PUF60,,,,RARS,,,,,,,,HMGB2,,,,PPP1CA,
DGUOK,,,,ADSL,,,,,,,,NR1H2,,,,VAPA,
TEX264,,,,CHID1,,,,,,,,PIGT,,,,TAX1BP1,
ARF5,,,,DPM2,,,,,,,,DCXR,,,,SMARCA5,
MDM2,,,,TMPO,,,,,,,,ANP32E,,,,APOL2,
NAA38,,,,PSMC3,,,,,,,,HAVCR2,,,,ANP32E,
LASP1,,,,MAD2L2,,,,,,,,PITPNB,,,,RBM3,
ATP5A1,,,,HAT1,,,,,,,,JUND,,,,ENO1,
HLA-DPA1,,,,IPO9,,,,,,,,SPTAN1,,,,TPM3,
ELOVL1,,,,MED30,,,,,,,,STAG2,,,,WDR1,
VAMP8,,,,PNKD,,,,,,,,STARD7,,,,VMP1,
ITM2A,,,,ATP5G1,,,,,,,,MRFAP1,,,,YWHAE,
TSPO,,,,HSPA14,,,,,,,,ZBTB38,,,,IFITM1,
LAMTOR5,,,,SNRPA,,,,,,,,SLC25A32,,,,MYL12A,
PSMD7,,,,ACD,,,,,,,,CYCS,,,,FOSB,
C14orf2,,,,MRPL13,,,,,,,,CTSB,,,,PGK1,
TKT,,,,GART,,,,,,,,SLC20A1,,,,PDIA3,
MPHOSPH9,,,,C17orf89,,,,,,,,MCTP2,,,,VCP,
PIN1,,,,PTTG1,,,,,,,,,,,,RPN2,
CYB5B,,,,TP53,,,,,,,,,,,,IER2,
MTHFD2,,,,PRPS2,,,,,,,,,,,,APOBEC3G,
PPT1,,,,TOMM5,,,,,,,,,,,,FAM177A1,
UBE2K,,,,TMEM261,,,,,,,,,,,,,
PDIA4,,,,MRPL39,,,,,,,,,,,,,
OSBPL3,,,,TDP1,,,,,,,,,,,,,
PSMB6,,,,COPS3,,,,,,,,,,,,,
PSMD9,,,,HNRNPAB,,,,,,,,,,,,,
NEDD8,,,,ASH2L,,,,,,,,,,,,,
DRAP1,,,,POLE3,,,,,,,,,,,,,
PHB,,,,ZDHHC12,,,,,,,,,,,,,
RHOC,,,,TRIM28,,,,,,,,,,,,,
PHB2,,,,COLGALT1,,,,,,,,,,,,,
MUS81,,,,MRPL48,,,,,,,,,,,,,
NDUFB10,,,,RCC2,,,,,,,,,,,,,
SEC61G,,,,PRPSAP1,,,,,,,,,,,,,
CSNK2B,,,,CKAP5,,,,,,,,,,,,,
RHBDD2,,,,DPP3,,,,,,,,,,,,,
DAXX,,,,TPGS2,,,,,,,,,,,,,
ARPP19,,,,MRPS18C,,,,,,,,,,,,,
GTF3C1,,,,CDC25B,,,,,,,,,,,,,
TXN,,,,CSE1L,,,,,,,,,,,,,
RFC1,,,,GSS,,,,,,,,,,,,,
APOBEC3G,,,,THOC7,,,,,,,,,,,,,
PSMD13,,,,SLC38A5,,,,,,,,,,,,,
C14orf166,,,,COA3,,,,,,,,,,,,,
F2R,,,,HDAC2,,,,,,,,,,,,,
PDCD10,,,,ANAPC11,,,,,,,,,,,,,
CCT3,,,,CBX5,,,,,,,,,,,,,
LBR,,,,MRPL51,,,,,,,,,,,,,
MPC2,,,,MRPS18A,,,,,,,,,,,,,
PARP9,,,,CHCHD5,,,,,,,,,,,,,
BOLA2B,,,,WDR54,,,,,,,,,,,,,
MT2A,,,,ADCY3,,,,,,,,,,,,,
TSTD1,,,,MGME1,,,,,,,,,,,,,
SAMD9L,,,,NUP62,,,,,,,,,,,,,
PSMB9,,,,SNRPF,,,,,,,,,,,,,
COX6B1,,,,RBBP7,,,,,,,,,,,,,
POMP,,,,HINT2,,,,,,,,,,,,,
TUBB,,,,ESD,,,,,,,,,,,,,
SZRD1,,,,C1QBP,,,,,,,,,,,,,
HMGN3,,,,IER3IP1,,,,,,,,,,,,,
PSMC4,,,,NDUFA2,,,,,,,,,,,,,
UBE2N,,,,MRPL18,,,,,,,,,,,,,
USMG5,,,,MYL6B,,,,,,,,,,,,,
GZMH,,,,CARHSP1,,,,,,,,,,,,,
PPM1M,,,,SLIRP,,,,,,,,,,,,,
CHMP4A,,,,DDT,,,,,,,,,,,,,
ATP5F1,,,,MRPL21,,,,,,,,,,,,,
ADRM1,,,,NUDCD2,,,,,,,,,,,,,
ATXN10,,,,DKC1,,,,,,,,,,,,,
CCT5,,,,MRPS16,,,,,,,,,,,,,
GRSF1,,,,FDPS,,,,,,,,,,,,,
ST8SIA4,,,,ROMO1,,,,,,,,,,,,,
NDUFV2,,,,RTN3,,,,,,,,,,,,,
MPV17,,,,NDUFS6,,,,,,,,,,,,,
MEAF6,,,,MAGOH,,,,,,,,,,,,,
AATF,,,,POLR2I,,,,,,,,,,,,,
PPA1,,,,AKR1A1,,,,,,,,,,,,,
AP2M1,,,,GTF3C5,,,,,,,,,,,,,
CKAP2,,,,OXCT1,,,,,,,,,,,,,
PSMA6,,,,POP5,,,,,,,,,,,,,
DENR,,,,SSNA1,,,,,,,,,,,,,
DCAF11,,,,FAM96A,,,,,,,,,,,,,
CAPZA2,,,,NXT1,,,,,,,,,,,,,
CNPY2,,,,PPIF,,,,,,,,,,,,,
RAB8A,,,,NELFE,,,,,,,,,,,,,
RER1,,,,EXOSC7,,,,,,,,,,,,,
DPF2,,,,SMC4,,,,,,,,,,,,,
SCAMP2,,,,MPC1,,,,,,,,,,,,,
C16orf13,,,,SDF2L1,,,,,,,,,,,,,
SRSF4,,,,RSRC1,,,,,,,,,,,,,
PSMB8,,,,UBAP2,,,,,,,,,,,,,
GPR174,,,,FANCA,,,,,,,,,,,,,
ATP5O,,,,NUTF2,,,,,,,,,,,,,
SCAMP3,,,,FTSJ1,,,,,,,,,,,,,
SPCS2,,,,ABCE1,,,,,,,,,,,,,
GPAA1,,,,C4orf27,,,,,,,,,,,,,
RBX1,,,,TREX1,,,,,,,,,,,,,
STT3A,,,,ACADM,,,,,,,,,,,,,
DCAF7,,,,ALG3,,,,,,,,,,,,,
TMBIM4,,,,TUBA1C,,,,,,,,,,,,,
PCMT1,,,,SUCLA2,,,,,,,,,,,,,
SNX1,,,,MYEOV2,,,,,,,,,,,,,
NAA10,,,,PHB,,,,,,,,,,,,,
TIMM17B,,,,UCHL3,,,,,,,,,,,,,
SDHAF2,,,,MRPS15,,,,,,,,,,,,,
COX7A2,,,,NUP160,,,,,,,,,,,,,
DERL2,,,,NSMCE1,,,,,,,,,,,,,
SUMO3,,,,MRPS24,,,,,,,,,,,,,
HSPA4,,,,BOLA2B,,,,,,,,,,,,,
RALY,,,,NDUFB6,,,,,,,,,,,,,
TCEB1,,,,GUSB,,,,,,,,,,,,,
UBE2A,,,,PHF5A,,,,,,,,,,,,,
GOLGA7,,,,TUBA1B,,,,,,,,,,,,,
AAMP,,,,SKA2,,,,,,,,,,,,,
PPP1CA,,,,RNASEH2C,,,,,,,,,,,,,
ATP6V1F,,,,VDAC3,,,,,,,,,,,,,
HLA-DRB1,,,,DNMT1,,,,,,,,,,,,,
CKLF,,,,PSMD14,,,,,,,,,,,,,
EMC7,,,,MRPS12,,,,,,,,,,,,,
RPA2,,,,TXNDC9,,,,,,,,,,,,,
DNAJC8,,,,COX7B,,,,,,,,,,,,,
PCED1B,,,,ACAT1,,,,,,,,,,,,,
RTFDC1,,,,RPL22L1,,,,,,,,,,,,,
VTI1B,,,,AP2S1,,,,,,,,,,,,,
COX6C,,,,RPA2,,,,,,,,,,,,,
CNOT8,,,,RHNO1,,,,,,,,,,,,,
DYNLRB1,,,,HMGA1,,,,,,,,,,,,,
RBCK1,,,,SEC61G,,,,,,,,,,,,,
PRDX6,,,,MTCH2,,,,,,,,,,,,,
CASP2,,,,XCL2,,,,,,,,,,,,,
SRP19,,,,MRPL53,,,,,,,,,,,,,
POLR2E,,,,SLC25A11,,,,,,,,,,,,,
COX6A1,,,,SRPRB,,,,,,,,,,,,,
MFF,,,,RAE1,,,,,,,,,,,,,
PTPN7,,,,DCLRE1C,,,,,,,,,,,,,
PFKP,,,,ELP5,,,,,,,,,,,,,
RAB1B,,,,NOLC1,,,,,,,,,,,,,
PRKAR1A,,,,RUVBL1,,,,,,,,,,,,,
SNRPG,,,,CYB5B,,,,,,,,,,,,,
MTG1,,,,MKI67IP,,,,,,,,,,,,,
STIP1,,,,ILK,,,,,,,,,,,,,
SMARCE1,,,,ERI1,,,,,,,,,,,,,
XRCC5,,,,ERH,,,,,,,,,,,,,
CCDC12,,,,ARL2,,,,,,,,,,,,,
CAPN1,,,,MEA1,,,,,,,,,,,,,
KLRD1,,,,DPM1,,,,,,,,,,,,,
HMGB2,,,,TMEM167A,,,,,,,,,,,,,
NUP50,,,,RNASEH2B,,,,,,,,,,,,,
MIS18BP1,,,,RPA1,,,,,,,,,,,,,
UQCRH,,,,HLA-DMB,,,,,,,,,,,,,
PSMF1,,,,NDUFB1,,,,,,,,,,,,,
HNRNPF,,,,STOML2,,,,,,,,,,,,,
PRELID1,,,,NUP88,,,,,,,,,,,,,
RRP7A,,,,SOD2,,,,,,,,,,,,,
GSTP1,,,,TIMM23,,,,,,,,,,,,,
PSMD11,,,,SUCLG1,,,,,,,,,,,,,
CLTC,,,,CCT2,,,,,,,,,,,,,
RBPJ,,,,MRPS36,,,,,,,,,,,,,
LY6E,,,,POLR2D,,,,,,,,,,,,,
SF3A3,,,,RECQL,,,,,,,,,,,,,
CBX3,,,,ITGB1BP1,,,,,,,,,,,,,
ENSA,,,,XCL1,,,,,,,,,,,,,
ILK,,,,TIMM50,,,,,,,,,,,,,
RNASEK-C17orf49,,,,COX17,,,,,,,,,,,,,
MRPS21,,,,NUP93,,,,,,,,,,,,,
NDUFB9,,,,EMC6,,,,,,,,,,,,,
C11orf31,,,,KIAA0020,,,,,,,,,,,,,
NOL7,,,,MRPL55,,,,,,,,,,,,,
SLBP,,,,MRPL42,,,,,,,,,,,,,
PARK7,,,,USP5,,,,,,,,,,,,,
ZNF706,,,,COX20,,,,,,,,,,,,,
IRF4,,,,TIMM17A,,,,,,,,,,,,,
CSK,,,,DCAF13,,,,,,,,,,,,,
HNRNPH2,,,,NDUFA8,,,,,,,,,,,,,
RAB10,,,,NASP,,,,,,,,,,,,,
PPP2R1A,,,,GSTO1,,,,,,,,,,,,,
PIH1D1,,,,GRHPR,,,,,,,,,,,,,
CACYBP,,,,ATP5SL,,,,,,,,,,,,,
CMTM6,,,,FBL,,,,,,,,,,,,,
UQCR10,,,,GOT2,,,,,,,,,,,,,
CNPY3,,,,SNRPD3,,,,,,,,,,,,,
PSMB1,,,,RRP7A,,,,,,,,,,,,,
LYST,,,,TXN,,,,,,,,,,,,,
DEK,,,,C12orf10,,,,,,,,,,,,,
PFKL,,,,LSM7,,,,,,,,,,,,,
PKM,,,,CYC1,,,,,,,,,,,,,
SUPT16H,,,,FUNDC2,,,,,,,,,,,,,
ACLY,,,,COX16,,,,,,,,,,,,,
HADHA,,,,FKBP2,,,,,,,,,,,,,
PSME2,,,,ATG3,,,,,,,,,,,,,
SNRPB2,,,,BANF1,,,,,,,,,,,,,
BTG3,,,,GTPBP4,,,,,,,,,,,,,
SASH3,,,,DDX1,,,,,,,,,,,,,
VPS29,,,,SMPD4,,,,,,,,,,,,,
SIVA1,,,,KPNA2,,,,,,,,,,,,,
CTSD,,,,MRPS35,,,,,,,,,,,,,
PSMA1,,,,PSMD3,,,,,,,,,,,,,
COX7A2L,,,,HSD17B10,,,,,,,,,,,,,
REEP5,,,,NOP56,,,,,,,,,,,,,
SF3B4,,,,PSMG3,,,,,,,,,,,,,
HOPX,,,,HSPB11,,,,,,,,,,,,,
TPI1,,,,EZH2,,,,,,,,,,,,,
CNDP2,,,,TMEM123,,,,,,,,,,,,,
SCP2,,,,OLA1,,,,,,,,,,,,,
TOMM6,,,,GTF3C6,,,,,,,,,,,,,
SNX14,,,,TOR3A,,,,,,,,,,,,,
OCIAD1,,,,MCTS1,,,,,,,,,,,,,
HNRNPR,,,,DDX39A,,,,,,,,,,,,,
IRF9,,,,SNRPC,,,,,,,,,,,,,
NDUFA11,,,,PPA1,,,,,,,,,,,,,
HNRNPD,,,,ANP32B,,,,,,,,,,,,,
TIA1,,,,COPS7B,,,,,,,,,,,,,
PRDM1,,,,MRPL36,,,,,,,,,,,,,
GPS1,,,,PMM1,,,,,,,,,,,,,
SEL1L3,,,,TKT,,,,,,,,,,,,,
TINF2,,,,CCDC124,,,,,,,,,,,,,
CCL4L2,,,,GLRX3,,,,,,,,,,,,,
SEC61B,,,,CALU,,,,,,,,,,,,,
C18orf32,,,,MRPL3,,,,,,,,,,,,,
NDUFB4,,,,DCUN1D5,,,,,,,,,,,,,
SRP9,,,,BAP1,,,,,,,,,,,,,
FIP1L1,,,,SNRNP40,,,,,,,,,,,,,
RBBP4,,,,SMC3,,,,,,,,,,,,,
NELFE,,,,TMEM11,,,,,,,,,,,,,
GIMAP4,,,,ATP5J,,,,,,,,,,,,,
U2AF1L4,,,,NDUFS3,,,,,,,,,,,,,
SNRNP27,,,,MRP63,,,,,,,,,,,,,
EIF2S2,,,,SNRPG,,,,,,,,,,,,,
SF3B3,,,,ENOSF1,,,,,,,,,,,,,
ACTR3,,,,CSRP1,,,,,,,,,,,,,
NCOA4,,,,SRPK1,,,,,,,,,,,,,
NDUFA1,,,,FARSA,,,,,,,,,,,,,
SPN,,,,NAA20,,,,,,,,,,,,,
DDOST,,,,CNOT10,,,,,,,,,,,,,
MYO1G,,,,NDUFB7,,,,,,,,,,,,,
OTUB1,,,,C16orf80,,,,,,,,,,,,,
ASCC2,,,,PRPF38A,,,,,,,,,,,,,
SNW1,,,,MRPS10,,,,,,,,,,,,,
NME1-NME2,,,,NUCB2,,,,,,,,,,,,,
RNPS1,,,,GTF2F2,,,,,,,,,,,,,
GARS,,,,FAM136A,,,,,,,,,,,,,
CHTOP,,,,RPP30,,,,,,,,,,,,,
C19orf10,,,,YBX1,,,,,,,,,,,,,
CCT7,,,,PFDN2,,,,,,,,,,,,,
NDUFA13,,,,MINOS1,,,,,,,,,,,,,
HBS1L,,,,MRPS14,,,,,,,,,,,,,
NUCB1,,,,NDUFB10,,,,,,,,,,,,,
POLR2J,,,,LAMTOR2,,,,,,,,,,,,,
VCP,,,,APEX1,,,,,,,,,,,,,
ISG15,,,,TMEM70,,,,,,,,,,,,,
TOR1AIP1,,,,PPA2,,,,,,,,,,,,,
SHKBP1,,,,NME1-NME2,,,,,,,,,,,,,
ILF2,,,,TMEM160,,,,,,,,,,,,,
MAPRE1,,,,CDKN1A,,,,,,,,,,,,,
ANP32B,,,,NDUFA7,,,,,,,,,,,,,
STAT2,,,,UTP18,,,,,,,,,,,,,
BHLHE40,,,,IMP4,,,,,,,,,,,,,
ESYT1,,,,DCXR,,,,,,,,,,,,,
FAS,,,,TMEM256,,,,,,,,,,,,,
ZNHIT1,,,,CRELD2,,,,,,,,,,,,,
UBASH3A,,,,NDUFA12,,,,,,,,,,,,,
NDUFB11,,,,MRPL16,,,,,,,,,,,,,
NDUFA3,,,,COA6,,,,,,,,,,,,,
MRPL20,,,,PFDN1,,,,,,,,,,,,,
PVRIG,,,,PRDX3,,,,,,,,,,,,,
COX5B,,,,PDHA1,,,,,,,,,,,,,
ATP6V0E2,,,,VMA21,,,,,,,,,,,,,
GDI2,,,,POLDIP2,,,,,,,,,,,,,
NDUFB8,,,,EXOSC3,,,,,,,,,,,,,
NEDD9,,,,MRPS7,,,,,,,,,,,,,
CHMP1A,,,,TCEB1,,,,,,,,,,,,,
PSMB7,,,,ARL6IP6,,,,,,,,,,,,,
APOBEC3C,,,,BLVRA,,,,,,,,,,,,,
AC040977.1,,,,TBCA,,,,,,,,,,,,,
BUB3,,,,POLR2F,,,,,,,,,,,,,
OS9,,,,CYB561A3,,,,,,,,,,,,,
COPE,,,,CCDC25,,,,,,,,,,,,,
NDUFA6,,,,TUBB4B,,,,,,,,,,,,,
SEC14L1,,,,DDX56,,,,,,,,,,,,,
NT5C3A,,,,ALG5,,,,,,,,,,,,,
PAG1,,,,DCPS,,,,,,,,,,,,,
DBNL,,,,DNAJC19,,,,,,,,,,,,,
TMEM109,,,,TXNRD1,,,,,,,,,,,,,
C21orf33,,,,REXO2,,,,,,,,,,,,,
YY1AP1,,,,RANGAP1,,,,,,,,,,,,,
FERMT3,,,,PSMG2,,,,,,,,,,,,,
CCND2,,,,WIBG,,,,,,,,,,,,,
PIGT,,,,CIITA,,,,,,,,,,,,,
POLR2K,,,,LSM6,,,,,,,,,,,,,
BABAM1,,,,NDUFB2,,,,,,,,,,,,,
POLD4,,,,LYPLA1,,,,,,,,,,,,,
FRG1,,,,TSN,,,,,,,,,,,,,
SNRPB,,,,VKORC1,,,,,,,,,,,,,
ZBTB38,,,,FABP5,,,,,,,,,,,,,
SUMO2,,,,CNP,,,,,,,,,,,,,
FAM96B,,,,EIF4A3,,,,,,,,,,,,,
NCKAP1L,,,,CCDC82,,,,,,,,,,,,,
DAD1,,,,TALDO1,,,,,,,,,,,,,
AP3S1,,,,TMEM107,,,,,,,,,,,,,
ECH1,,,,FIBP,,,,,,,,,,,,,
ACP1,,,,BCCIP,,,,,,,,,,,,,
HLA-DPB1,,,,DCTN3,,,,,,,,,,,,,
DDB1,,,,TMEM209,,,,,,,,,,,,,
CLPP,,,,WDR46,,,,,,,,,,,,,
GABARAPL2,,,,SLC35A4,,,,,,,,,,,,,
SPCS1,,,,CDKN2A,,,,,,,,,,,,,
RNASEK,,,,DRG1,,,,,,,,,,,,,
CCT4,,,,NTMT1,,,,,,,,,,,,,
ATP6V0D1,,,,EPRS,,,,,,,,,,,,,
GHITM,,,,MRPL47,,,,,,,,,,,,,
PSMC5,,,,GPAA1,,,,,,,,,,,,,
TMEM9B,,,,RBX1,,,,,,,,,,,,,
ATP6V0B,,,,GNL2,,,,,,,,,,,,,
ITGB7,,,,WDR61,,,,,,,,,,,,,
TUFM,,,,CHRAC1,,,,,,,,,,,,,
LRMP,,,,RANGRF,,,,,,,,,,,,,
UQCRQ,,,,UCHL5,,,,,,,,,,,,,
SP140,,,,TRAPPC2L,,,,,,,,,,,,,
C4orf3,,,,MRPS18B,,,,,,,,,,,,,
HMGN4,,,,PSMD9,,,,,,,,,,,,,
RAD21,,,,NUP188,,,,,,,,,,,,,
SEC13,,,,MRPS25,,,,,,,,,,,,,
ATPIF1,,,,NDUFB3,,,,,,,,,,,,,
CPSF6,,,,POLR2J,,,,,,,,,,,,,
MAT2B,,,,HIST1H2BK,,,,,,,,,,,,,
RWDD1,,,,DDX41,,,,,,,,,,,,,
ACTN4,,,,DHX15,,,,,,,,,,,,,
LSM7,,,,PSMC4,,,,,,,,,,,,,
SYNCRIP,,,,NDUFS4,,,,,,,,,,,,,
CIAO1,,,,NOP16,,,,,,,,,,,,,
ARPC1B,,,,OSGEP,,,,,,,,,,,,,
PITPNB,,,,SLC1A5,,,,,,,,,,,,,
ACSL5,,,,ATP5J2,,,,,,,,,,,,,
HADHB,,,,UROD,,,,,,,,,,,,,
HDLBP,,,,YIF1B,,,,,,,,,,,,,
MED4,,,,PET100,,,,,,,,,,,,,
GPI,,,,APOPT1,,,,,,,,,,,,,
NMT1,,,,VTA1,,,,,,,,,,,,,
ATP5D,,,,DDX47,,,,,,,,,,,,,
VPS26A,,,,DPY30,,,,,,,,,,,,,
MGAT1,,,,DNPH1,,,,,,,,,,,,,
UFD1L,,,,KLHDC3,,,,,,,,,,,,,
UCP2,,,,PWP1,,,,,,,,,,,,,
SH3GLB1,,,,TOR1A,,,,,,,,,,,,,
GABARAP,,,,CCT5,,,,,,,,,,,,,
HN1,,,,KCTD20,,,,,,,,,,,,,
HNRNPLL,,,,PNP,,,,,,,,,,,,,
RAN,,,,WDR18,,,,,,,,,,,,,
TMEM50A,,,,CUEDC2,,,,,,,,,,,,,
WDR1,,,,GNAI3,,,,,,,,,,,,,
HM13,,,,RHEB,,,,,,,,,,,,,
CTSS,,,,UBE2V2,,,,,,,,,,,,,
POLR1D,,,,RPF1,,,,,,,,,,,,,
STAT1,,,,GNL3,,,,,,,,,,,,,
DLD,,,,OSTC,,,,,,,,,,,,,
ANXA6,,,,PSMD1,,,,,,,,,,,,,
C12orf57,,,,ZFAND2B,,,,,,,,,,,,,
IFI16,,,,UBL7,,,,,,,,,,,,,
AP1M1,,,,MRPL43,,,,,,,,,,,,,
ARFGAP2,,,,MED8,,,,,,,,,,,,,
UBE2V1,,,,VPS25,,,,,,,,,,,,,
HDAC1,,,,MRPL28,,,,,,,,,,,,,
TROVE2,,,,COA4,,,,,,,,,,,,,
LMAN2,,,,PDZD11,,,,,,,,,,,,,
SPATA13,,,,CEP57,,,,,,,,,,,,,
SURF4,,,,ERGIC2,,,,,,,,,,,,,
C19orf53,,,,FANCL,,,,,,,,,,,,,
CLIC1,,,,C14orf2,,,,,,,,,,,,,
ANXA11,,,,LSM2,,,,,,,,,,,,,
ASXL2,,,,CHTF8,,,,,,,,,,,,,
AHI1,,,,AGK,,,,,,,,,,,,,
MVP,,,,DEK,,,,,,,,,,,,,
VDAC3,,,,SNAPIN,,,,,,,,,,,,,
IAH1,,,,UQCR10,,,,,,,,,,,,,
CYCS,,,,C2CD3,,,,,,,,,,,,,
DR1,,,,PFKL,,,,,,,,,,,,,
BCL2L11,,,,C9orf114,,,,,,,,,,,,,
TM9SF2,,,,NUDT5,,,,,,,,,,,,,
SSR3,,,,CISD2,,,,,,,,,,,,,
ABRACL,,,,NDUFB11,,,,,,,,,,,,,
SF3B2,,,,GTF2A2,,,,,,,,,,,,,
TMEM219,,,,DNAJC15,,,,,,,,,,,,,
ABCA2,,,,RTCB,,,,,,,,,,,,,
RAD23A,,,,RAC1,,,,,,,,,,,,,
ZNF106,,,,HYPK,,,,,,,,,,,,,
SH3BGRL,,,,MRPL9,,,,,,,,,,,,,
PSMD6,,,,STX10,,,,,,,,,,,,,
CALCOCO2,,,,DBI,,,,,,,,,,,,,
CCL4L1,,,,KARS,,,,,,,,,,,,,
ARL6IP1,,,,HN1,,,,,,,,,,,,,
DGKZ,,,,SMARCA4,,,,,,,,,,,,,
HIGD2A,,,,ATP5H,,,,,,,,,,,,,
SELT,,,,MED24,,,,,,,,,,,,,
DUSP4,,,,SDHB,,,,,,,,,,,,,
PYURF,,,,RB1,,,,,,,,,,,,,
NUDC,,,,PRKDC,,,,,,,,,,,,,
NDUFB2,,,,NOL7,,,,,,,,,,,,,
S100A11,,,,PSENEN,,,,,,,,,,,,,
ARL8B,,,,DUSP23,,,,,,,,,,,,,
BECN1,,,,IMMT,,,,,,,,,,,,,
RNF167,,,,INTS10,,,,,,,,,,,,,
PPCS,,,,H2AFZ,,,,,,,,,,,,,
PA2G4,,,,C19orf10,,,,,,,,,,,,,
SUB1,,,,NUDT21,,,,,,,,,,,,,
TCEB2,,,,PHPT1,,,,,,,,,,,,,
HMOX2,,,,HSBP1,,,,,,,,,,,,,
FBXO7,,,,ZNF22,,,,,,,,,,,,,
RAB11B,,,,PLEKHJ1,,,,,,,,,,,,,
TNFRSF1B,,,,UQCRH,,,,,,,,,,,,,
PSMD2,,,,DDA1,,,,,,,,,,,,,
C1QBP,,,,ADH5,,,,,,,,,,,,,
LSP1,,,,CTDSPL2,,,,,,,,,,,,,
ERGIC3,,,,DCK,,,,,,,,,,,,,
CHP1,,,,SARNP,,,,,,,,,,,,,
C5orf56,,,,MRPL22,,,,,,,,,,,,,
TYK2,,,,RPAP3,,,,,,,,,,,,,
ANP32E,,,,RPS27L,,,,,,,,,,,,,
DNMT1,,,,ETFB,,,,,,,,,,,,,
IRF7,,,,EIF2S1,,,,,,,,,,,,,
CASP4,,,,PSMB2,,,,,,,,,,,,,
ETNK1,,,,MGST3,,,,,,,,,,,,,
SLC25A39,,,,SRSF10,,,,,,,,,,,,,
MAP4,,,,TSEN15,,,,,,,,,,,,,
CEP57,,,,NAA15,,,,,,,,,,,,,
PMAIP1,,,,ILF2,,,,,,,,,,,,,
CCT2,,,,VWA9,,,,,,,,,,,,,
UBE2I,,,,TMEM126B,,,,,,,,,,,,,
ATP6AP1,,,,ENY2,,,,,,,,,,,,,
SRSF10,,,,NAE1,,,,,,,,,,,,,
USP39,,,,HMGB2,,,,,,,,,,,,,
DNAJB11,,,,PTRHD1,,,,,,,,,,,,,
NUCKS1,,,,ECHS1,,,,,,,,,,,,,
CBX6,,,,PLGRKT,,,,,,,,,,,,,
TAP1,,,,GID8,,,,,,,,,,,,,
ISCU,,,,CDC123,,,,,,,,,,,,,
TMEM173,,,,OVCA2,,,,,,,,,,,,,
UFC1,,,,METAP1,,,,,,,,,,,,,
ARPC4,,,,NUPL1,,,,,,,,,,,,,
PSMC6,,,,TMEM14A,,,,,,,,,,,,,
SNAP23,,,,DDX21,,,,,,,,,,,,,
FLII,,,,C19orf70,,,,,,,,,,,,,
CANX,,,,UQCRQ,,,,,,,,,,,,,
EMC4,,,,NUBP2,,,,,,,,,,,,,
GZMA,,,,PPP4C,,,,,,,,,,,,,
DCXR,,,,OSBPL9,,,,,,,,,,,,,
RALGDS,,,,UXT,,,,,,,,,,,,,
ZFR,,,,MRPL41,,,,,,,,,,,,,
MYD88,,,,YIPF5,,,,,,,,,,,,,
HPS1,,,,RAB11A,,,,,,,,,,,,,
LSM4,,,,HIGD1A,,,,,,,,,,,,,
UQCR11,,,,MAZ,,,,,,,,,,,,,
UNC13D,,,,POLR2K,,,,,,,,,,,,,
ARHGAP30,,,,XRCC1,,,,,,,,,,,,,
SLAMF6,,,,AP1B1,,,,,,,,,,,,,
SFXN1,,,,VDAC1,,,,,,,,,,,,,
MAP2K3,,,,IDH3A,,,,,,,,,,,,,
SLA2,,,,LMAN1,,,,,,,,,,,,,
KXD1,,,,EIF2B1,,,,,,,,,,,,,
UBE2G1,,,,PPP5C,,,,,,,,,,,,,
PSTPIP1,,,,USP39,,,,,,,,,,,,,
RABGGTB,,,,GBAS,,,,,,,,,,,,,
SSBP1,,,,API5,,,,,,,,,,,,,
NAMPT,,,,STAG1,,,,,,,,,,,,,
STXBP2,,,,RPUSD3,,,,,,,,,,,,,
DERL1,,,,VPRBP,,,,,,,,,,,,,
USP10,,,,NDUFC2,,,,,,,,,,,,,
TRMT112,,,,MRPL4,,,,,,,,,,,,,
ARHGAP1,,,,ABCF1,,,,,,,,,,,,,
C19orf66,,,,C8orf59,,,,,,,,,,,,,
C17orf62,,,,PRPF31,,,,,,,,,,,,,
ATP5L,,,,SUPT16H,,,,,,,,,,,,,
UBA3,,,,AK3,,,,,,,,,,,,,
EIF3CL,,,,HARS,,,,,,,,,,,,,
IDH3B,,,,UTP6,,,,,,,,,,,,,
EIF4G1,,,,VPS72,,,,,,,,,,,,,
CCL4,,,,AK2,,,,,,,,,,,,,
EBP,,,,MBD4,,,,,,,,,,,,,
XAF1,,,,CMPK1,,,,,,,,,,,,,
RPS19BP1,,,,BAG4,,,,,,,,,,,,,
NRD1,,,,NOC2L,,,,,,,,,,,,,
EIF4H,,,,SPAG7,,,,,,,,,,,,,
CMC1,,,,POLR2L,,,,,,,,,,,,,
EIF3I,,,,PCMT1,,,,,,,,,,,,,
NUCB2,,,,KEAP1,,,,,,,,,,,,,
MOB3A,,,,TRNAU1AP,,,,,,,,,,,,,
CTSW,,,,PLRG1,,,,,,,,,,,,,
CD84,,,,ATP5O,,,,,,,,,,,,,
AHSA1,,,,USMG5,,,,,,,,,,,,,
ATP5EP2,,,,PSMA4,,,,,,,,,,,,,
MED28,,,,NFKBID,,,,,,,,,,,,,
ST6GALNAC6,,,,TOMM6,,,,,,,,,,,,,
HSPA1B,,,,SLC35B1,,,,,,,,,,,,,
SCAND1,,,,RNF138,,,,,,,,,,,,,
MTF2,,,,SLC39A9,,,,,,,,,,,,,
ICOS,,,,RBM10,,,,,,,,,,,,,
METTL17,,,,BLOC1S1,,,,,,,,,,,,,
NGRN,,,,DGUOK,,,,,,,,,,,,,
CD164,,,,PSMD2,,,,,,,,,,,,,
CAP1,,,,PDIA4,,,,,,,,,,,,,
SNX6,,,,KHDRBS1,,,,,,,,,,,,,
TLK1,,,,SUPT4H1,,,,,,,,,,,,,
PAK2,,,,MRPL49,,,,,,,,,,,,,
GMFG,,,,BABAM1,,,,,,,,,,,,,
NDUFV1,,,,COASY,,,,,,,,,,,,,
TPM4,,,,UQCRC1,,,,,,,,,,,,,
ZC3H15,,,,RNF5,,,,,,,,,,,,,
CERS5,,,,GRPEL1,,,,,,,,,,,,,
TLN1,,,,ZMAT2,,,,,,,,,,,,,
ADSS,,,,STX11,,,,,,,,,,,,,
PET100,,,,METAP2,,,,,,,,,,,,,
HSPA1A,,,,HAX1,,,,,,,,,,,,,
ARRDC1,,,,PPP1R7,,,,,,,,,,,,,
DNAJC1,,,,SNRPA1,,,,,,,,,,,,,
ATG12,,,,USP14,,,,,,,,,,,,,
DOK2,,,,RFXANK,,,,,,,,,,,,,
EIF3M,,,,TMEM109,,,,,,,,,,,,,
SH2D1A,,,,C21orf59,,,,,,,,,,,,,
YWHAE,,,,METTL5,,,,,,,,,,,,,
TMED10,,,,GARS,,,,,,,,,,,,,
EXOSC10,,,,EIF3I,,,,,,,,,,,,,
ATF6B,,,,SMDT1,,,,,,,,,,,,,
C1orf43,,,,ANP32E,,,,,,,,,,,,,
NFAT5,,,,NDUFC1,,,,,,,,,,,,,
DHPS,,,,NBN,,,,,,,,,,,,,
P4HB,,,,C1orf174,,,,,,,,,,,,,
BUD31,,,,CYB5R3,,,,,,,,,,,,,
RNF7,,,,RHOG,,,,,,,,,,,,,
ACTR2,,,,GLE1,,,,,,,,,,,,,
TMED2,,,,SF3B14,,,,,,,,,,,,,
PPP1R18,,,,SRP19,,,,,,,,,,,,,
LRBA,,,,ANKRD54,,,,,,,,,,,,,
NDUFA4,,,,GNG5,,,,,,,,,,,,,
BCAP31,,,,ZBTB8OS,,,,,,,,,,,,,
SUMO1,,,,TTLL5,,,,,,,,,,,,,
CLK3,,,,SMIM12,,,,,,,,,,,,,
HCFC1,,,,TIPRL,,,,,,,,,,,,,
BSG,,,,CDC27,,,,,,,,,,,,,
TMEM14B,,,,DBF4,,,,,,,,,,,,,
APOL2,,,,EDC4,,,,,,,,,,,,,
RASSF5,,,,EXOSC9,,,,,,,,,,,,,
DCTN1,,,,XPO1,,,,,,,,,,,,,
PARVG,,,,COX5A,,,,,,,,,,,,,
FAM32A,,,,SSBP1,,,,,,,,,,,,,
C7orf55-LUC7L2,,,,SCNM1,,,,,,,,,,,,,
FBXW5,,,,ERCC1,,,,,,,,,,,,,
SLAMF7,,,,PSIP1,,,,,,,,,,,,,
VIMP,,,,CHMP2A,,,,,,,,,,,,,
KARS,,,,PRPS1,,,,,,,,,,,,,
TANK,,,,RFC1,,,,,,,,,,,,,
PJA2,,,,PITHD1,,,,,,,,,,,,,
C11orf58,,,,TADA3,,,,,,,,,,,,,
TMEM230,,,,NNT,,,,,,,,,,,,,
VPS28,,,,EMG1,,,,,,,,,,,,,
CLEC2B,,,,CASP3,,,,,,,,,,,,,
MOB1A,,,,PSMB7,,,,,,,,,,,,,
IL2RB,,,,SYNCRIP,,,,,,,,,,,,,
SHISA5,,,,RALY,,,,,,,,,,,,,
SLC3A2,,,,COX8A,,,,,,,,,,,,,
SRP14,,,,CLTA,,,,,,,,,,,,,
DNAJA2,,,,SUMO3,,,,,,,,,,,,,
MRPS6,,,,SF3B4,,,,,,,,,,,,,
RAPGEF1,,,,DHX9,,,,,,,,,,,,,
IP6K2,,,,PSMD12,,,,,,,,,,,,,
TBCB,,,,NOSIP,,,,,,,,,,,,,
GPR171,,,,TBPL1,,,,,,,,,,,,,
ATP5G2,,,,RPS19BP1,,,,,,,,,,,,,
MRPL10,,,,PSMC1,,,,,,,,,,,,,
DARS,,,,BLOC1S2,,,,,,,,,,,,,
ARHGEF6,,,,PSMD10,,,,,,,,,,,,,
SLFN12L,,,,CBWD1,,,,,,,,,,,,,
ZYX,,,,ACO2,,,,,,,,,,,,,
RGS10,,,,UFD1L,,,,,,,,,,,,,
APOL6,,,,AAGAB,,,,,,,,,,,,,
RNF4,,,,NUP50,,,,,,,,,,,,,
OGDH,,,,EIF6,,,,,,,,,,,,,
ANAPC16,,,,ORMDL2,,,,,,,,,,,,,
AP2B1,,,,RAD21,,,,,,,,,,,,,
CYTH4,,,,CWC15,,,,,,,,,,,,,
OSTF1,,,,YDJC,,,,,,,,,,,,,
SS18,,,,SMARCB1,,,,,,,,,,,,,
WDR33,,,,NCLN,,,,,,,,,,,,,
KRTCAP2,,,,GPN1,,,,,,,,,,,,,
AKIRIN2,,,,PIN1,,,,,,,,,,,,,
IK,,,,ATP5G3,,,,,,,,,,,,,
TCEA1,,,,TXN2,,,,,,,,,,,,,
PAPD4,,,,TMEM258,,,,,,,,,,,,,
SREK1,,,,ASNA1,,,,,,,,,,,,,
TOX4,,,,HDAC3,,,,,,,,,,,,,
RABAC1,,,,GPS1,,,,,,,,,,,,,
ATRAID,,,,FAM111A,,,,,,,,,,,,,
TPR,,,,COPS5,,,,,,,,,,,,,
CMC2,,,,DCTN2,,,,,,,,,,,,,
EFCAB14,,,,ETFA,,,,,,,,,,,,,
GIMAP7,,,,CNIH4,,,,,,,,,,,,,
GGA2,,,,EIF1AY,,,,,,,,,,,,,
NDUFA10,,,,SNW1,,,,,,,,,,,,,
ERP44,,,,COMMD8,,,,,,,,,,,,,
FXR1,,,,SART3,,,,,,,,,,,,,
HMGN1,,,,COX6C,,,,,,,,,,,,,
ARPC3,,,,LRPPRC,,,,,,,,,,,,,
PRPF40A,,,,ZNHIT3,,,,,,,,,,,,,
PPP6C,,,,THYN1,,,,,,,,,,,,,
JTB,,,,CCT7,,,,,,,,,,,,,
STARD7,,,,SLC35B2,,,,,,,,,,,,,
CKS2,,,,PROSC,,,,,,,,,,,,,
MARS,,,,TMEM208,,,,,,,,,,,,,
DNAJC7,,,,RPP21,,,,,,,,,,,,,
SRRT,,,,TMEM14B,,,,,,,,,,,,,
EWSR1,,,,SF3B3,,,,,,,,,,,,,
LSM12,,,,PSME3,,,,,,,,,,,,,
CTSA,,,,SEC13,,,,,,,,,,,,,
SDHA,,,,ATP5I,,,,,,,,,,,,,
MSI2,,,,TMED3,,,,,,,,,,,,,
PHF11,,,,RAP2B,,,,,,,,,,,,,
RARRES3,,,,CBFB,,,,,,,,,,,,,
SSR1,,,,MIS18BP1,,,,,,,,,,,,,
FAM49B,,,,NIP7,,,,,,,,,,,,,
CPSF3L,,,,WDR43,,,,,,,,,,,,,
RNF114,,,,DIABLO,,,,,,,,,,,,,
DEGS1,,,,NF2,,,,,,,,,,,,,
RHOA,,,,HNRNPA0,,,,,,,,,,,,,
PARP14,,,,MT2A,,,,,,,,,,,,,
HINT1,,,,ANAPC7,,,,,,,,,,,,,
NFATC3,,,,BRD8,,,,,,,,,,,,,
WBP2,,,,NARS,,,,,,,,,,,,,
SEC24C,,,,NDUFAF3,,,,,,,,,,,,,
EIF3C,,,,CS,,,,,,,,,,,,,
ABI1,,,,NOP10,,,,,,,,,,,,,
CCNDBP1,,,,S100A10,,,,,,,,,,,,,
CCT6A,,,,CFDP1,,,,,,,,,,,,,
PAPOLA,,,,MPV17,,,,,,,,,,,,,
PRRC2A,,,,CNPY2,,,,,,,,,,,,,
XRCC6,,,,AATF,,,,,,,,,,,,,
ATP6V0E1,,,,MRPL20,,,,,,,,,,,,,
ATP5E,,,,SRP68,,,,,,,,,,,,,
BRD8,,,,SDHC,,,,,,,,,,,,,
TRPV2,,,,FAM50A,,,,,,,,,,,,,
UBL5,,,,HNRNPR,,,,,,,,,,,,,
SERBP1,,,,SPTLC1,,,,,,,,,,,,,
UBE2D2,,,,AL353354.2,,,,,,,,,,,,,
VAPA,,,,SNRPD2,,,,,,,,,,,,,
MFSD10,,,,VPS29,,,,,,,,,,,,,
LBH,,,,NDUFB9,,,,,,,,,,,,,
YTHDF2,,,,ATP5F1,,,,,,,,,,,,,
TCERG1,,,,FKBP3,,,,,,,,,,,,,
PRR13,,,,NUP210,,,,,,,,,,,,,
SRP54,,,,RBM17,,,,,,,,,,,,,
ELMO1,,,,DCTN5,,,,,,,,,,,,,
NKG7,,,,STT3A,,,,,,,,,,,,,
TOMM22,,,,MRPL32,,,,,,,,,,,,,
ARCN1,,,,NMI,,,,,,,,,,,,,
MAP4K1,,,,SF3B5,,,,,,,,,,,,,
GTF2I,,,,EFTUD2,,,,,,,,,,,,,
KIAA0247,,,,SMIM15,,,,,,,,,,,,,
ZNF410,,,,EIF1AX,,,,,,,,,,,,,
TESPA1,,,,MRPS34,,,,,,,,,,,,,
VDAC2,,,,PRKAG1,,,,,,,,,,,,,
DUSP10,,,,COPS8,,,,,,,,,,,,,
U2SURP,,,,CASP2,,,,,,,,,,,,,
LARP4B,,,,TOMM22,,,,,,,,,,,,,
KIF5B,,,,C16orf13,,,,,,,,,,,,,
ARL6IP5,,,,CPSF6,,,,,,,,,,,,,
SOD1,,,,C19orf24,,,,,,,,,,,,,
ATXN1,,,,ENOPH1,,,,,,,,,,,,,
PSD4,,,,PBRM1,,,,,,,,,,,,,
DYNLT1,,,,DDX54,,,,,,,,,,,,,
ARL6IP4,,,,AP3S1,,,,,,,,,,,,,
SLU7,,,,CCDC47,,,,,,,,,,,,,
CD58,,,,C4orf48,,,,,,,,,,,,,
ANAPC5,,,,CCT6A,,,,,,,,,,,,,
RQCD1,,,,ISY1,,,,,,,,,,,,,
LSM14A,,,,RAB8A,,,,,,,,,,,,,
CAPZB,,,,NDUFS8,,,,,,,,,,,,,
HP1BP3,,,,AP1M1,,,,,,,,,,,,,
CHCHD2,,,,BCKDHA,,,,,,,,,,,,,
MAPRE2,,,,YWHAQ,,,,,,,,,,,,,
KLRC4,,,,CPSF7,,,,,,,,,,,,,
NRBP1,,,,PSMC2,,,,,,,,,,,,,
TTN,,,,IARS,,,,,,,,,,,,,
FBXW2,,,,AKR1B1,,,,,,,,,,,,,
PRDX1,,,,PPM1G,,,,,,,,,,,,,
AZIN1,,,,PPT1,,,,,,,,,,,,,
FAM192A,,,,SAMM50,,,,,,,,,,,,,
CCDC64,,,,MDH1,,,,,,,,,,,,,
RASAL3,,,,PMPCA,,,,,,,,,,,,,
TRPC4AP,,,,UBE2A,,,,,,,,,,,,,
PSMA3,,,,SEC61B,,,,,,,,,,,,,
ADAR,,,,C11orf31,,,,,,,,,,,,,
RIOK3,,,,CUL2,,,,,,,,,,,,,
RPN2,,,,PMPCB,,,,,,,,,,,,,
PRDX2,,,,PYCR2,,,,,,,,,,,,,
IST1,,,,TARS,,,,,,,,,,,,,
USP22,,,,MRPL38,,,,,,,,,,,,,
HNRNPA3,,,,SNX4,,,,,,,,,,,,,
LRPAP1,,,,C14orf166,,,,,,,,,,,,,
SNRPD2,,,,MPC2,,,,,,,,,,,,,
PNRC2,,,,DNAJB11,,,,,,,,,,,,,
STAT5B,,,,SLC25A39,,,,,,,,,,,,,
RGS2,,,,PSMD13,,,,,,,,,,,,,
BIN1,,,,ING3,,,,,,,,,,,,,
ADIPOR1,,,,CACYBP,,,,,,,,,,,,,
ANXA7,,,,UBE2N,,,,,,,,,,,,,
LDHB,,,,RBM42,,,,,,,,,,,,,
INPP4B,,,,MRPL33,,,,,,,,,,,,,
NHP2L1,,,,CHTOP,,,,,,,,,,,,,
RAB5C,,,,NOP2,,,,,,,,,,,,,
HCST,,,,PDCL3,,,,,,,,,,,,,
SARS,,,,PA2G4,,,,,,,,,,,,,
CRKL,,,,MTHFD2,,,,,,,,,,,,,
MIF,,,,PRDX2,,,,,,,,,,,,,
RBM17,,,,ACAA2,,,,,,,,,,,,,
RAB7A,,,,NDUFS1,,,,,,,,,,,,,
TRAF3IP3,,,,NIPA2,,,,,,,,,,,,,
ZNF644,,,,NUCKS1,,,,,,,,,,,,,
COTL1,,,,SLC4A2,,,,,,,,,,,,,
SYF2,,,,LARP7,,,,,,,,,,,,,
USP4,,,,DCAF12,,,,,,,,,,,,,
APEH,,,,MRPS27,,,,,,,,,,,,,
ASCC3,,,,UNC45A,,,,,,,,,,,,,
PCNP,,,,DSTN,,,,,,,,,,,,,
ZC3H11A,,,,CLPP,,,,,,,,,,,,,
ST13,,,,RBBP5,,,,,,,,,,,,,
CASC4,,,,RBM23,,,,,,,,,,,,,
CNOT7,,,,ACP1,,,,,,,,,,,,,
GRB2,,,,VRK2,,,,,,,,,,,,,
NECAP2,,,,MAPRE1,,,,,,,,,,,,,
SH3KBP1,,,,URM1,,,,,,,,,,,,,
BROX,,,,C19orf53,,,,,,,,,,,,,
MSN,,,,PQBP1,,,,,,,,,,,,,
SLC25A5,,,,HMGN3,,,,,,,,,,,,,
TCIRG1,,,,DGCR6L,,,,,,,,,,,,,
PAFAH1B2,,,,PLP2,,,,,,,,,,,,,
MYL12B,,,,C11orf73,,,,,,,,,,,,,
PRKCSH,,,,PSMD7,,,,,,,,,,,,,
RNH1,,,,GLA,,,,,,,,,,,,,
ADD1,,,,COMT,,,,,,,,,,,,,
STAT3,,,,TRAPPC4,,,,,,,,,,,,,
RSU1,,,,RNH1,,,,,,,,,,,,,
ANKRD10,,,,ZCRB1,,,,,,,,,,,,,
RAP1GDS1,,,,CYP51A1,,,,,,,,,,,,,
MLF2,,,,ETHE1,,,,,,,,,,,,,
JAK3,,,,MTMR2,,,,,,,,,,,,,
PRKCQ,,,,NELFA,,,,,,,,,,,,,
SPCS3,,,,BAG6,,,,,,,,,,,,,
ATG4B,,,,DDB2,,,,,,,,,,,,,
UBXN4,,,,HBS1L,,,,,,,,,,,,,
NPEPPS,,,,IMP3,,,,,,,,,,,,,
RPS4Y1,,,,PPP1CC,,,,,,,,,,,,,
U2AF1,,,,TSTA3,,,,,,,,,,,,,
PTBP1,,,,FAM195B,,,,,,,,,,,,,
GPS2,,,,MLX,,,,,,,,,,,,,
ATP6AP2,,,,PARL,,,,,,,,,,,,,
MINOS1,,,,PPP2R3C,,,,,,,,,,,,,
PTBP3,,,,TXNDC12,,,,,,,,,,,,,
CDS2,,,,MIF4GD,,,,,,,,,,,,,
PPHLN1,,,,TRAF2,,,,,,,,,,,,,
,,,,ADIPOR1,,,,,,,,,,,,,
,,,,TDG,,,,,,,,,,,,,
,,,,PGLS,,,,,,,,,,,,,
,,,,FLOT1,,,,,,,,,,,,,
,,,,DENR,,,,,,,,,,,,,
,,,,COX6B1,,,,,,,,,,,,,
,,,,PRMT1,,,,,,,,,,,,,
,,,,COQ4,,,,,,,,,,,,,
,,,,COMMD3,,,,,,,,,,,,,
,,,,LAMTOR1,,,,,,,,,,,,,
,,,,GOLT1B,,,,,,,,,,,,,
,,,,MMADHC,,,,,,,,,,,,,
,,,,WARS,,,,,,,,,,,,,
,,,,FDFT1,,,,,,,,,,,,,
,,,,POLR2E,,,,,,,,,,,,,
,,,,MTFP1,,,,,,,,,,,,,
,,,,SS18L2,,,,,,,,,,,,,
,,,,FKBP5,,,,,,,,,,,,,
,,,,GTF2F1,,,,,,,,,,,,,
,,,,RAD23A,,,,,,,,,,,,,
,,,,EMC7,,,,,,,,,,,,,
,,,,TRAPPC5,,,,,,,,,,,,,
,,,,SFXN1,,,,,,,,,,,,,
,,,,UGGT1,,,,,,,,,,,,,
,,,,NDUFA6,,,,,,,,,,,,,
,,,,CCNC,,,,,,,,,,,,,
,,,,C1D,,,,,,,,,,,,,
,,,,CKAP2,,,,,,,,,,,,,
,,,,MRPL54,,,,,,,,,,,,,
,,,,CXXC1,,,,,,,,,,,,,
,,,,ELAC2,,,,,,,,,,,,,
,,,,NDUFB4,,,,,,,,,,,,,
,,,,NDUFA1,,,,,,,,,,,,,
,,,,BUD31,,,,,,,,,,,,,
,,,,LYAR,,,,,,,,,,,,,
,,,,TMUB1,,,,,,,,,,,,,
,,,,MT1X,,,,,,,,,,,,,
,,,,SRSF1,,,,,,,,,,,,,
,,,,HDDC2,,,,,,,,,,,,,
,,,,PUF60,,,,,,,,,,,,,
,,,,ARL6IP4,,,,,,,,,,,,,
,,,,C12orf75,,,,,,,,,,,,,
,,,,COA1,,,,,,,,,,,,,
,,,,COMMD3-BMI1,,,,,,,,,,,,,
,,,,HCFC1,,,,,,,,,,,,,
,,,,EIF3CL,,,,,,,,,,,,,
,,,,TFG,,,,,,,,,,,,,
,,,,EIF2S2,,,,,,,,,,,,,
,,,,PSMB6,,,,,,,,,,,,,
,,,,NSA2,,,,,,,,,,,,,
,,,,RBM14,,,,,,,,,,,,,
,,,,GSTP1,,,,,,,,,,,,,
,,,,SUGT1,,,,,,,,,,,,,
,,,,PREB,,,,,,,,,,,,,
,,,,HIST2H2AA4,,,,,,,,,,,,,
,,,,SF3A3,,,,,,,,,,,,,
,,,,SEC11A,,,,,,,,,,,,,
,,,,TSSC4,,,,,,,,,,,,,
,,,,ARFRP1,,,,,,,,,,,,,
,,,,SRA1,,,,,,,,,,,,,
,,,,TARDBP,,,,,,,,,,,,,
,,,,EIF3C,,,,,,,,,,,,,
,,,,NDUFS5,,,,,,,,,,,,,
,,,,PDS5B,,,,,,,,,,,,,
,,,,SPTBN1,,,,,,,,,,,,,
,,,,APH1A,,,,,,,,,,,,,
,,,,NCBP2,,,,,,,,,,,,,
,,,,HNRNPD,,,,,,,,,,,,,
,,,,ATPIF1,,,,,,,,,,,,,
,,,,C11orf48,,,,,,,,,,,,,
,,,,IDH3G,,,,,,,,,,,,,
,,,,DARS,,,,,,,,,,,,,
,,,,SRP54,,,,,,,,,,,,,
,,,,CAPRIN1,,,,,,,,,,,,,
,,,,USP10,,,,,,,,,,,,,
,,,,PTBP1,,,,,,,,,,,,,
,,,,TAF9,,,,,,,,,,,,,
,,,,MRPL34,,,,,,,,,,,,,
,,,,ATP6V1B2,,,,,,,,,,,,,
,,,,ZNF384,,,,,,,,,,,,,
,,,,ADRM1,,,,,,,,,,,,,
,,,,TAF12,,,,,,,,,,,,,
,,,,TSG101,,,,,,,,,,,,,
,,,,NT5C,,,,,,,,,,,,,
,,,,DNM1L,,,,,,,,,,,,,
,,,,MICU2,,,,,,,,,,,,,
,,,,CTR9,,,,,,,,,,,,,
,,,,RNPS1,,,,,,,,,,,,,
,,,,IDH3B,,,,,,,,,,,,,
,,,,AAMP,,,,,,,,,,,,,
,,,,EMC4,,,,,,,,,,,,,
,,,,BAD,,,,,,,,,,,,,
,,,,SNX5,,,,,,,,,,,,,
,,,,COX6A1,,,,,,,,,,,,,
,,,,SRSF4,,,,,,,,,,,,,
,,,,ABRACL,,,,,,,,,,,,,
,,,,NFYC,,,,,,,,,,,,,
,,,,EYA3,,,,,,,,,,,,,
,,,,C7orf50,,,,,,,,,,,,,
,,,,EIF4G1,,,,,,,,,,,,,
,,,,NDUFA11,,,,,,,,,,,,,
,,,,CCT8,,,,,,,,,,,,,
,,,,VDAC2,,,,,,,,,,,,,
,,,,EXOSC1,,,,,,,,,,,,,
,,,,FAM32A,,,,,,,,,,,,,
,,,,AURKAIP1,,,,,,,,,,,,,
,,,,FAM96B,,,,,,,,,,,,,
,,,,IDH2,,,,,,,,,,,,,
,,,,ZC3H15,,,,,,,,,,,,,
,,,,ANP32A,,,,,,,,,,,,,
,,,,MED4,,,,,,,,,,,,,
,,,,HADHA,,,,,,,,,,,,,
,,,,UBE2J2,,,,,,,,,,,,,
,,,,NDUFA9,,,,,,,,,,,,,
,,,,SLX1B,,,,,,,,,,,,,
,,,,SMN2,,,,,,,,,,,,,
,,,,JTB,,,,,,,,,,,,,
,,,,CKLF,,,,,,,,,,,,,
,,,,ZNF706,,,,,,,,,,,,,
,,,,EIF3J,,,,,,,,,,,,,
,,,,MARS,,,,,,,,,,,,,
,,,,TRIM26,,,,,,,,,,,,,
,,,,KDELR2,,,,,,,,,,,,,
,,,,CHCHD3,,,,,,,,,,,,,
,,,,LYPLA2,,,,,,,,,,,,,
,,,,LARS,,,,,,,,,,,,,
,,,,LBR,,,,,,,,,,,,,
,,,,COX14,,,,,,,,,,,,,
,,,,UBA3,,,,,,,,,,,,,
,,,,PARP1,,,,,,,,,,,,,
,,,,COX7A2,,,,,,,,,,,,,
,,,,MESDC2,,,,,,,,,,,,,
,,,,TEX264,,,,,,,,,,,,,
,,,,ZNRD1,,,,,,,,,,,,,
,,,,TIMMDC1,,,,,,,,,,,,,
,,,,POLR2G,,,,,,,,,,,,,
,,,,HK1,,,,,,,,,,,,,
,,,,USP48,,,,,,,,,,,,,
,,,,TMEM243,,,,,,,,,,,,,
,,,,TCEB2,,,,,,,,,,,,,
,,,,CSNK2A1,,,,,,,,,,,,,
,,,,PTCD3,,,,,,,,,,,,,
,,,,SSR3,,,,,,,,,,,,,
,,,,ATP1B3,,,,,,,,,,,,,
,,,,INSIG1,,,,,,,,,,,,,
,,,,CBWD2,,,,,,,,,,,,,
,,,,DDX19B,,,,,,,,,,,,,
,,,,COPB2,,,,,,,,,,,,,
,,,,TSR2,,,,,,,,,,,,,
,,,,ZCCHC17,,,,,,,,,,,,,
,,,,RIC8A,,,,,,,,,,,,,
,,,,TMX2,,,,,,,,,,,,,
,,,,TCERG1,,,,,,,,,,,,,
,,,,RPL7L1,,,,,,,,,,,,,
,,,,WDR83OS,,,,,,,,,,,,,
,,,,MFF,,,,,,,,,,,,,
,,,,ITPA,,,,,,,,,,,,,
,,,,CHCHD7,,,,,,,,,,,,,
,,,,MDH2,,,,,,,,,,,,,
,,,,PSMD4,,,,,,,,,,,,,
,,,,GNPTG,,,,,,,,,,,,,
,,,,DAD1,,,,,,,,,,,,,
,,,,RPAIN,,,,,,,,,,,,,
,,,,CCT3,,,,,,,,,,,,,
,,,,DCAF7,,,,,,,,,,,,,
,,,,VIMP,,,,,,,,,,,,,
,,,,NMT1,,,,,,,,,,,,,
,,,,ATXN10,,,,,,,,,,,,,
,,,,FRG1,,,,,,,,,,,,,
,,,,DYNLRB1,,,,,,,,,,,,,
,,,,TMX1,,,,,,,,,,,,,
,,,,NRAS,,,,,,,,,,,,,
,,,,CERS2,,,,,,,,,,,,,
,,,,PPIG,,,,,,,,,,,,,
,,,,PPP2R4,,,,,,,,,,,,,
,,,,SNRPB,,,,,,,,,,,,,
,,,,ATP6V0B,,,,,,,,,,,,,
,,,,FAM103A1,,,,,,,,,,,,,
,,,,EED,,,,,,,,,,,,,
,,,,CHMP1A,,,,,,,,,,,,,
,,,,NDUFA3,,,,,,,,,,,,,
,,,,SPCS3,,,,,,,,,,,,,
,,,,MRPS21,,,,,,,,,,,,,
,,,,HDAC1,,,,,,,,,,,,,
,,,,APOA1BP,,,,,,,,,,,,,
,,,,MTPAP,,,,,,,,,,,,,
,,,,CALM3,,,,,,,,,,,,,
,,,,ABT1,,,,,,,,,,,,,
,,,,SLC25A44,,,,,,,,,,,,,
,,,,CLINT1,,,,,,,,,,,,,
,,,,PSMB3,,,,,,,,,,,,,
,,,,PHB2,,,,,,,,,,,,,
,,,,GABPB1,,,,,,,,,,,,,
,,,,TCP1,,,,,,,,,,,,,
,,,,MIEN1,,,,,,,,,,,,,
,,,,DHX30,,,,,,,,,,,,,
,,,,TUFM,,,,,,,,,,,,,
,,,,SRP9,,,,,,,,,,,,,
,,,,ZNF410,,,,,,,,,,,,,
,,,,ERO1L,,,,,,,,,,,,,
,,,,CBLL1,,,,,,,,,,,,,
,,,,G3BP1,,,,,,,,,,,,,
,,,,ELOVL1,,,,,,,,,,,,,
,,,,PIH1D1,,,,,,,,,,,,,
,,,,BTF3L4,,,,,,,,,,,,,
,,,,CDK5RAP2,,,,,,,,,,,,,
,,,,PSMC6,,,,,,,,,,,,,
,,,,NCBP1,,,,,,,,,,,,,
,,,,C17orf49,,,,,,,,,,,,,
,,,,KPNB1,,,,,,,,,,,,,
,,,,CLASP2,,,,,,,,,,,,,
,,,,XPNPEP1,,,,,,,,,,,,,
,,,,MBD1,,,,,,,,,,,,,
,,,,CNTRL,,,,,,,,,,,,,
,,,,TRMT2A,,,,,,,,,,,,,
,,,,PDIA6,,,,,,,,,,,,,
,,,,EIF4E2,,,,,,,,,,,,,
,,,,GNB1,,,,,,,,,,,,,
,,,,CBWD6,,,,,,,,,,,,,
,,,,ACTR1A,,,,,,,,,,,,,
,,,,NDUFV2,,,,,,,,,,,,,
,,,,CMC2,,,,,,,,,,,,,
,,,,SLMO2,,,,,,,,,,,,,
,,,,SDF2,,,,,,,,,,,,,
,,,,CCT4,,,,,,,,,,,,,
,,,,PDAP1,,,,,,,,,,,,,
,,,,CNIH1,,,,,,,,,,,,,
,,,,PSMD11,,,,,,,,,,,,,
,,,,UBE2L3,,,,,,,,,,,,,
,,,,SULT1A3,,,,,,,,,,,,,
,,,,LSM12,,,,,,,,,,,,,
,,,,SHFM1,,,,,,,,,,,,,
,,,,CTDSP1,,,,,,,,,,,,,
,,,,DRG2,,,,,,,,,,,,,
,,,,QARS,,,,,,,,,,,,,
,,,,WWP2,,,,,,,,,,,,,
,,,,CNPPD1,,,,,,,,,,,,,
,,,,SREK1,,,,,,,,,,,,,
,,,,DDX46,,,,,,,,,,,,,
,,,,UBE3A,,,,,,,,,,,,,
,,,,KIF2A,,,,,,,,,,,,,
,,,,NAA10,,,,,,,,,,,,,
,,,,HSPD1,,,,,,,,,,,,,
,,,,CAMTA1,,,,,,,,,,,,,
,,,,NDUFS2,,,,,,,,,,,,,
,,,,DCTD,,,,,,,,,,,,,
,,,,WDR74,,,,,,,,,,,,,
,,,,PFKP,,,,,,,,,,,,,
,,,,WBP11,,,,,,,,,,,,,
,,,,DECR1,,,,,,,,,,,,,
,,,,UBAP2L,,,,,,,,,,,,,
,,,,CPSF1,,,,,,,,,,,,,
,,,,NUDC,,,,,,,,,,,,,
,,,,PSMA6,,,,,,,,,,,,,
,,,,ANAPC5,,,,,,,,,,,,,
,,,,AASDHPPT,,,,,,,,,,,,,
,,,,SRP72,,,,,,,,,,,,,
,,,,ATG5,,,,,,,,,,,,,
,,,,FPGS,,,,,,,,,,,,,
,,,,TUBGCP2,,,,,,,,,,,,,
,,,,DBNL,,,,,,,,,,,,,
,,,,FAM60A,,,,,,,,,,,,,
,,,,VPS16,,,,,,,,,,,,,
,,,,SIN3A,,,,,,,,,,,,,
,,,,SREBF2,,,,,,,,,,,,,
,,,,APEH,,,,,,,,,,,,,
,,,,PABPN1,,,,,,,,,,,,,
,,,,CD81,,,,,,,,,,,,,
,,,,NEDD8,,,,,,,,,,,,,
,,,,BRMS1,,,,,,,,,,,,,
,,,,ATP6V1D,,,,,,,,,,,,,
,,,,TIMM17B,,,,,,,,,,,,,
,,,,CTNNBL1,,,,,,,,,,,,,
,,,,TMED9,,,,,,,,,,,,,
,,,,GTF3A,,,,,,,,,,,,,
,,,,NELFCD,,,,,,,,,,,,,
,,,,UBQLN1,,,,,,,,,,,,,
,,,,TXNDC15,,,,,,,,,,,,,
,,,,XRCC5,,,,,,,,,,,,,
,,,,NAA38,,,,,,,,,,,,,
,,,,KXD1,,,,,,,,,,,,,
,,,,SPCS2,,,,,,,,,,,,,
,,,,YTHDF2,,,,,,,,,,,,,
,,,,SERBP1,,,,,,,,,,,,,
,,,,LMF2,,,,,,,,,,,,,
,,,,ZNF121,,,,,,,,,,,,,
,,,,TFIP11,,,,,,,,,,,,,
,,,,SFI1,,,,,,,,,,,,,
,,,,OCIAD2,,,,,,,,,,,,,
,,,,ALKBH7,,,,,,,,,,,,,
,,,,ADSS,,,,,,,,,,,,,
,,,,TCOF1,,,,,,,,,,,,,
,,,,PPP2R5D,,,,,,,,,,,,,
,,,,POLDIP3,,,,,,,,,,,,,
,,,,SLC25A46,,,,,,,,,,,,,
,,,,AZI2,,,,,,,,,,,,,
,,,,MCRS1,,,,,,,,,,,,,
,,,,C19orf43,,,,,,,,,,,,,
,,,,PIGS,,,,,,,,,,,,,
,,,,NSFL1C,,,,,,,,,,,,,
,,,,SIPA1L1,,,,,,,,,,,,,
,,,,U2SURP,,,,,,,,,,,,,
,,,,ARPC1A,,,,,,,,,,,,,
,,,,TXLNA,,,,,,,,,,,,,
,,,,DDB1,,,,,,,,,,,,,
,,,,SRSF9,,,,,,,,,,,,,
,,,,CBX3,,,,,,,,,,,,,
,,,,HTRA2,,,,,,,,,,,,,
,,,,DCTN1,,,,,,,,,,,,,
,,,,ANXA2,,,,,,,,,,,,,
,,,,TPM4,,,,,,,,,,,,,
,,,,HNRNPH3,,,,,,,,,,,,,
,,,,TSTD1,,,,,,,,,,,,,
,,,,RAN,,,,,,,,,,,,,
,,,,FLOT2,,,,,,,,,,,,,
,,,,SFT2D1,,,,,,,,,,,,,
,,,,RILPL2,,,,,,,,,,,,,
,,,,RAB2A,,,,,,,,,,,,,
,,,,DNAJC8,,,,,,,,,,,,,
,,,,EIF5B,,,,,,,,,,,,,
,,,,DNAJC7,,,,,,,,,,,,,
,,,,SSB,,,,,,,,,,,,,
,,,,RBM7,,,,,,,,,,,,,
,,,,NUDT22,,,,,,,,,,,,,
,,,,DDX50,,,,,,,,,,,,,
,,,,CSNK2A2,,,,,,,,,,,,,
,,,,CHMP4A,,,,,,,,,,,,,
,,,,PSMA2,,,,,,,,,,,,,
,,,,MAGT1,,,,,,,,,,,,,
,,,,GLUD1,,,,,,,,,,,,,
,,,,CAND1,,,,,,,,,,,,,
,,,,VPS35,,,,,,,,,,,,,
,,,,LGALS1,,,,,,,,,,,,,
,,,,NDUFS7,,,,,,,,,,,,,
,,,,SPIDR,,,,,,,,,,,,,
,,,,PAF1,,,,,,,,,,,,,
,,,,SMC5,,,,,,,,,,,,,
,,,,FASTK,,,,,,,,,,,,,
,,,,ID3,,,,,,,,,,,,,
,,,,PDHB,,,,,,,,,,,,,
,,,,GMDS,,,,,,,,,,,,,
,,,,GPX4,,,,,,,,,,,,,
,,,,NUMA1,,,,,,,,,,,,,
,,,,GLOD4,,,,,,,,,,,,,
,,,,RABGGTB,,,,,,,,,,,,,
,,,,RWDD1,,,,,,,,,,,,,
,,,,PPID,,,,,,,,,,,,,
,,,,EIF4EBP2,,,,,,,,,,,,,
,,,,HEXB,,,,,,,,,,,,,
,,,,PSMA3,,,,,,,,,,,,,
,,,,RNF181,,,,,,,,,,,,,
,,,,COX5B,,,,,,,,,,,,,
,,,,EIF3A,,,,,,,,,,,,,
,,,,COPS6,,,,,,,,,,,,,
,,,,C22orf39,,,,,,,,,,,,,
,,,,RNPEPL1,,,,,,,,,,,,,
,,,,TACC1,,,,,,,,,,,,,
,,,,WBSCR22,,,,,,,,,,,,,
,,,,LCMT1,,,,,,,,,,,,,
,,,,FAM192A,,,,,,,,,,,,,
,,,,PMF1,,,,,,,,,,,,,
,,,,GDI2,,,,,,,,,,,,,
,,,,AIP,,,,,,,,,,,,,
,,,,UQCRFS1,,,,,,,,,,,,,
,,,,KAT5,,,,,,,,,,,,,
,,,,SAP30BP,,,,,,,,,,,,,
,,,,TSNAX,,,,,,,,,,,,,
,,,,IFI35,,,,,,,,,,,,,
,,,,ARPC5L,,,,,,,,,,,,,
,,,,EAPP,,,,,,,,,,,,,
,,,,RPN2,,,,,,,,,,,,,
,,,,PPHLN1,,,,,,,,,,,,,
,,,,CPSF3L,,,,,,,,,,,,,
,,,,C11orf30,,,,,,,,,,,,,
,,,,MEAF6,,,,,,,,,,,,,
,,,,RP11-286N22.8,,,,,,,,,,,,,
,,,,ARF4,,,,,,,,,,,,,
,,,,POM121C,,,,,,,,,,,,,
,,,,LETM1,,,,,,,,,,,,,
,,,,PPDPF,,,,,,,,,,,,,
,,,,FKBP11,,,,,,,,,,,,,
,,,,MPG,,,,,,,,,,,,,
,,,,KRTCAP2,,,,,,,,,,,,,
,,,,GANAB,,,,,,,,,,,,,
,,,,SPOP,,,,,,,,,,,,,
,,,,RBM27,,,,,,,,,,,,,
,,,,NDUFA4,,,,,,,,,,,,,
,,,,DCAF11,,,,,,,,,,,,,
,,,,TRIP11,,,,,,,,,,,,,
,,,,DPP9,,,,,,,,,,,,,
,,,,TCEA1,,,,,,,,,,,,,
,,,,ATP6V0D1,,,,,,,,,,,,,
,,,,SIKE1,,,,,,,,,,,,,
,,,,NUP214,,,,,,,,,,,,,
,,,,CSTB,,,,,,,,,,,,,
,,,,OPA1,,,,,,,,,,,,,
,,,,SLX1A,,,,,,,,,,,,,
,,,,NDUFV1,,,,,,,,,,,,,
,,,,MT1F,,,,,,,,,,,,,
,,,,SMN1,,,,,,,,,,,,,
,,,,CCAR2,,,,,,,,,,,,,
,,,,RPS6KB2,,,,,,,,,,,,,
,,,,UFC1,,,,,,,,,,,,,
,,,,NDUFA5,,,,,,,,,,,,,
,,,,DEDD,,,,,,,,,,,,,
,,,,SCAMP3,,,,,,,,,,,,,
,,,,UQCRC2,,,,,,,,,,,,,
,,,,PPP1R11,,,,,,,,,,,,,
,,,,OGDH,,,,,,,,,,,,,
,,,,PHKG2,,,,,,,,,,,,,
,,,,MRPS6,,,,,,,,,,,,,
,,,,LAMTOR4,,,,,,,,,,,,,
,,,,NEK9,,,,,,,,,,,,,
,,,,SLC25A5,,,,,,,,,,,,,
,,,,STIP1,,,,,,,,,,,,,
,,,,ITFG1,,,,,,,,,,,,,
,,,,CCDC53,,,,,,,,,,,,,
,,,,RBBP4,,,,,,,,,,,,,
,,,,PDCD6,,,,,,,,,,,,,
,,,,P4HB,,,,,,,,,,,,,
,,,,SMARCE1,,,,,,,,,,,,,
,,,,POMP,,,,,,,,,,,,,
,,,,DCUN1D1,,,,,,,,,,,,,
,,,,CTSA,,,,,,,,,,,,,
,,,,LAP3,,,,,,,,,,,,,
,,,,UBE2I,,,,,,,,,,,,,
,,,,NHP2L1,,,,,,,,,,,,,
,,,,GNAI2,,,,,,,,,,,,,
,,,,POLR2M,,,,,,,,,,,,,
,,,,ILKAP,,,,,,,,,,,,,
,,,,CEBPZ,,,,,,,,,,,,,
,,,,ENSA,,,,,,,,,,,,,
,,,,ATP6V1F,,,,,,,,,,,,,
,,,,IFNAR2,,,,,,,,,,,,,
,,,,SEC11C,,,,,,,,,,,,,
,,,,TMX3,,,,,,,,,,,,,
,,,,KRR1,,,,,,,,,,,,,
,,,,DAP3,,,,,,,,,,,,,
,,,,MED10,,,,,,,,,,,,,
,,,,PTPN11,,,,,,,,,,,,,
,,,,KANSL3,,,,,,,,,,,,,
,,,,SEC61A1,,,,,,,,,,,,,
,,,,DDX23,,,,,,,,,,,,,
,,,,TNFAIP8,,,,,,,,,,,,,
,,,,SCFD1,,,,,,,,,,,,,
,,,,EGLN2,,,,,,,,,,,,,
,,,,CCNG1,,,,,,,,,,,,,
,,,,HDLBP,,,,,,,,,,,,,
,,,,PRDX5,,,,,,,,,,,,,
,,,,GSDMD,,,,,,,,,,,,,
,,,,UBL5,,,,,,,,,,,,,
,,,,MTF2,,,,,,,,,,,,,
,,,,LAMTOR5,,,,,,,,,,,,,
,,,,PIEZO1,,,,,,,,,,,,,
,,,,EMC3,,,,,,,,,,,,,
,,,,NCOA4,,,,,,,,,,,,,
,,,,ATP6V1H,,,,,,,,,,,,,
,,,,RIF1,,,,,,,,,,,,,
,,,,GMFG,,,,,,,,,,,,,
,,,,C21orf33,,,,,,,,,,,,,
,,,,CHD4,,,,,,,,,,,,,
,,,,THAP5,,,,,,,,,,,,,
,,,,PPP6C,,,,,,,,,,,,,
,,,,PSMA5,,,,,,,,,,,,,
,,,,SCAF4,,,,,,,,,,,,,
,,,,ATP1A1,,,,,,,,,,,,,
,,,,HNRNPM,,,,,,,,,,,,,
,,,,HNRNPF,,,,,,,,,,,,,
,,,,PSMC5,,,,,,,,,,,,,
,,,,SDHD,,,,,,,,,,,,,
,,,,RABEP1,,,,,,,,,,,,,
,,,,DYNLL1,,,,,,,,,,,,,
,,,,C7orf73,,,,,,,,,,,,,
,,,,FAM177A1,,,,,,,,,,,,,
,,,,MITD1,,,,,,,,,,,,,
,,,,LSM1,,,,,,,,,,,,,
,,,,PYCARD,,,,,,,,,,,,,
,,,,FAM204A,,,,,,,,,,,,,
,,,,YIF1A,,,,,,,,,,,,,
,,,,RRAGA,,,,,,,,,,,,,
,,,,DALRD3,,,,,,,,,,,,,
,,,,GORASP2,,,,,,,,,,,,,
,,,,VOPP1,,,,,,,,,,,,,
,,,,CLTC,,,,,,,,,,,,,
,,,,AMZ2,,,,,,,,,,,,,
,,,,HP1BP3,,,,,,,,,,,,,
,,,,SMNDC1,,,,,,,,,,,,,
,,,,IFI27L2,,,,,,,,,,,,,
,,,,ACTR10,,,,,,,,,,,,,
,,,,CHMP5,,,,,,,,,,,,,
,,,,ZFR,,,,,,,,,,,,,
,,,,SEC23B,,,,,,,,,,,,,
,,,,YAF2,,,,,,,,,,,,,
,,,,TRIM27,,,,,,,,,,,,,
,,,,PRDX1,,,,,,,,,,,,,
,,,,SUCLG2,,,,,,,,,,,,,
,,,,IL10RB,,,,,,,,,,,,,
,,,,SHC1,,,,,,,,,,,,,
,,,,RALA,,,,,,,,,,,,,
,,,,RPS21,,,,,,,,,,,,,
,,,,KPNA1,,,,,,,,,,,,,
,,,,LMAN2,,,,,,,,,,,,,
,,,,SDHAF2,,,,,,,,,,,,,
,,,,C1orf43,,,,,,,,,,,,,
,,,,NCSTN,,,,,,,,,,,,,
,,,,RGS10,,,,,,,,,,,,,
,,,,CTSB,,,,,,,,,,,,,
,,,,C18orf8,,,,,,,,,,,,,
,,,,UNC50,,,,,,,,,,,,,
,,,,PPIL2,,,,,,,,,,,,,
,,,,TRMT112,,,,,,,,,,,,,
,,,,C6orf89,,,,,,,,,,,,,
,,,,B3GAT3,,,,,,,,,,,,,
,,,,TOP1,,,,,,,,,,,,,
,,,,CD58,,,,,,,,,,,,,
,,,,CNDP2,,,,,,,,,,,,,
,,,,PDCD10,,,,,,,,,,,,,
,,,,HNRNPA3,,,,,,,,,,,,,
,,,,SND1,,,,,,,,,,,,,
,,,,TRAPPC3,,,,,,,,,,,,,
,,,,CCAR1,,,,,,,,,,,,,
,,,,LIMS1,,,,,,,,,,,,,
,,,,CSNK2B,,,,,,,,,,,,,
,,,,BTG3,,,,,,,,,,,,,
,,,,CYB5R4,,,,,,,,,,,,,
,,,,ZDHHC6,,,,,,,,,,,,,
,,,,RAB1A,,,,,,,,,,,,,
,,,,ATF4,,,,,,,,,,,,,
,,,,MFNG,,,,,,,,,,,,,
,,,,C7orf55-LUC7L2,,,,,,,,,,,,,
,,,,RER1,,,,,,,,,,,,,
,,,,PRELID1,,,,,,,,,,,,,
,,,,CAPZA2,,,,,,,,,,,,,
,,,,ARHGDIA,,,,,,,,,,,,,
,,,,IAH1,,,,,,,,,,,,,
,,,,USB1,,,,,,,,,,,,,
,,,,SPCS1,,,,,,,,,,,,,
,,,,GLYR1,,,,,,,,,,,,,
,,,,MTPN,,,,,,,,,,,,,
,,,,ACOT9,,,,,,,,,,,,,
,,,,SRI,,,,,,,,,,,,,
,,,,VPS26A,,,,,,,,,,,,,
,,,,TXNL1,,,,,,,,,,,,,
,,,,XRN2,,,,,,,,,,,,,
,,,,IWS1,,,,,,,,,,,,,
,,,,TWF2,,,,,,,,,,,,,
,,,,TINF2,,,,,,,,,,,,,
,,,,YWHAE,,,,,,,,,,,,,
,,,,PEBP1,,,,,,,,,,,,,
,,,,ATXN2L,,,,,,,,,,,,,
,,,,RNF4,,,,,,,,,,,,,
,,,,PSMD8,,,,,,,,,,,,,
,,,,SUMF2,,,,,,,,,,,,,
,,,,CLNS1A,,,,,,,,,,,,,
,,,,SZRD1,,,,,,,,,,,,,
,,,,PITPNB,,,,,,,,,,,,,
,,,,ASXL1,,,,,,,,,,,,,
,,,,CYB561D2,,,,,,,,,,,,,
,,,,EIF4E,,,,,,,,,,,,,
,,,,CCDC12,,,,,,,,,,,,,
,,,,MTG1,,,,,,,,,,,,,
,,,,TM2D1,,,,,,,,,,,,,
,,,,CMTR1,,,,,,,,,,,,,
,,,,PROSER1,,,,,,,,,,,,,
,,,,EIF3L,,,,,,,,,,,,,
,,,,SGMS1,,,,,,,,,,,,,
,,,,DHX8,,,,,,,,,,,,,
,,,,ELOF1,,,,,,,,,,,,,
,,,,PCNP,,,,,,,,,,,,,
,,,,AIMP1,,,,,,,,,,,,,
,,,,KRAS,,,,,,,,,,,,,
,,,,CENPT,,,,,,,,,,,,,
,,,,EIF3M,,,,,,,,,,,,,
,,,,AHI1,,,,,,,,,,,,,
,,,,ACLY,,,,,,,,,,,,,
,,,,XRCC6,,,,,,,,,,,,,
,,,,TMEM183A,,,,,,,,,,,,,
,,,,AP3B1,,,,,,,,,,,,,
,,,,ARPC5,,,,,,,,,,,,,
,,,,RSU1,,,,,,,,,,,,,
,,,,ATP5C1,,,,,,,,,,,,,
,,,,PIGT,,,,,,,,,,,,,
,,,,ERAP1,,,,,,,,,,,,,
,,,,PYURF,,,,,,,,,,,,,
,,,,FKBP4,,,,,,,,,,,,,
,,,,VTI1B,,,,,,,,,,,,,
,,,,MAEA,,,,,,,,,,,,,
,,,,ZGPAT,,,,,,,,,,,,,
,,,,UBE2G2,,,,,,,,,,,,,
,,,,TRAPPC1,,,,,,,,,,,,,
,,,,CDK2AP2,,,,,,,,,,,,,
,,,,TECR,,,,,,,,,,,,,
,,,,CDK10,,,,,,,,,,,,,
,,,,PPIE,,,,,,,,,,,,,
,,,,C12orf57,,,,,,,,,,,,,
,,,,VPS4A,,,,,,,,,,,,,
,,,,ZNHIT1,,,,,,,,,,,,,
,,,,BNIP2,,,,,,,,,,,,,
,,,,SGSM3,,,,,,,,,,,,,
,,,,MPHOSPH9,,,,,,,,,,,,,
,,,,GHITM,,,,,,,,,,,,,
,,,,FIP1L1,,,,,,,,,,,,,
,,,,SNX1,,,,,,,,,,,,,
,,,,TMED2,,,,,,,,,,,,,
,,,,UBE2G1,,,,,,,,,,,,,
,,,,FXR1,,,,,,,,,,,,,
,,,,NUDT19,,,,,,,,,,,,,
,,,,NDUFA10,,,,,,,,,,,,,
,,,,PPP2R1A,,,,,,,,,,,,,
,,,,SMEK2,,,,,,,,,,,,,
,,,,AP2M1,,,,,,,,,,,,,
,,,,CMTM6,,,,,,,,,,,,,
,,,,WDR6,,,,,,,,,,,,,
,,,,FAM133B,,,,,,,,,,,,,
,,,,ITFG2,,,,,,,,,,,,,
,,,,MAP2K3,,,,,,,,,,,,,
,,,,ASCC2,,,,,,,,,,,,,
,,,,ZFAND6,,,,,,,,,,,,,
,,,,DNAJC1,,,,,,,,,,,,,
,,,,HMG20B,,,,,,,,,,,,,
,,,,SUGP2,,,,,,,,,,,,,
,,,,ARFGAP3,,,,,,,,,,,,,
,,,,NDUFB5,,,,,,,,,,,,,
,,,,ZNF207,,,,,,,,,,,,,
,,,,NGDN,,,,,,,,,,,,,
,,,,MLF2,,,,,,,,,,,,,
,,,,TCF12,,,,,,,,,,,,,
,,,,SYMPK,,,,,,,,,,,,,
,,,,SMIM7,,,,,,,,,,,,,
,,,,EIF5A,,,,,,,,,,,,,
,,,,GGNBP2,,,,,,,,,,,,,
,,,,TMEM33,,,,,,,,,,,,,
,,,,YIPF3,,,,,,,,,,,,,
,,,,RAP1GDS1,,,,,,,,,,,,,
,,,,PPIP5K2,,,,,,,,,,,,,
,,,,EMP3,,,,,,,,,,,,,
,,,,R3HDM1,,,,,,,,,,,,,
,,,,NSUN2,,,,,,,,,,,,,
,,,,EIF2AK2,,,,,,,,,,,,,
,,,,SLC3A2,,,,,,,,,,,,,
,,,,NAA60,,,,,,,,,,,,,
,,,,SNRPB2,,,,,,,,,,,,,
,,,,RAB10,,,,,,,,,,,,,
,,,,UBA1,,,,,,,,,,,,,
,,,,KIAA0141,,,,,,,,,,,,,
,,,,RSL24D1,,,,,,,,,,,,,
,,,,EIF2A,,,,,,,,,,,,,
,,,,MTCH1,,,,,,,,,,,,,
,,,,C3orf17,,,,,,,,,,,,,
,,,,TTC1,,,,,,,,,,,,,
,,,,PARN,,,,,,,,,,,,,
,,,,PGAM1,,,,,,,,,,,,,
,,,,TES,,,,,,,,,,,,,
,,,,ERGIC3,,,,,,,,,,,,,
,,,,SERPINB1,,,,,,,,,,,,,
,,,,SH3GLB1,,,,,,,,,,,,,
,,,,TOMM20,,,,,,,,,,,,,
,,,,CPT1A,,,,,,,,,,,,,
,,,,CXorf40B,,,,,,,,,,,,,
,,,,OXA1L,,,,,,,,,,,,,
,,,,ALDH9A1,,,,,,,,,,,,,
,,,,NAPRT1,,,,,,,,,,,,,
,,,,COPG1,,,,,,,,,,,,,
,,,,FAM104A,,,,,,,,,,,,,
,,,,GLRX,,,,,,,,,,,,,
,,,,SLC38A10,,,,,,,,,,,,,
,,,,RSL1D1,,,,,,,,,,,,,
,,,,CASC4,,,,,,,,,,,,,
,,,,PSMD6,,,,,,,,,,,,,
,,,,PRRC2A,,,,,,,,,,,,,
,,,,VPS51,,,,,,,,,,,,,
,,,,CANX,,,,,,,,,,,,,
,,,,SRRT,,,,,,,,,,,,,
,,,,BCAS4,,,,,,,,,,,,,
,,,,TMEM230,,,,,,,,,,,,,
,,,,PTDSS1,,,,,,,,,,,,,
,,,,DYM,,,,,,,,,,,,,
,,,,DDOST,,,,,,,,,,,,,
,,,,ST13,,,,,,,,,,,,,
,,,,PHTF2,,,,,,,,,,,,,
,,,,HMGN2,,,,,,,,,,,,,
,,,,PSMB1,,,,,,,,,,,,,
,,,,EXOSC10,,,,,,,,,,,,,
,,,,ATP5D,,,,,,,,,,,,,
,,,,PTP4A2,,,,,,,,,,,,,
,,,,CYCS,,,,,,,,,,,,,
,,,,ZNF131,,,,,,,,,,,,,
,,,,ACTR2,,,,,,,,,,,,,
,,,,TMOD3,,,,,,,,,,,,,
,,,,CDK11B,,,,,,,,,,,,,
,,,,SFT2D2,,,,,,,,,,,,,
,,,,CNOT7,,,,,,,,,,,,,
,,,,ARHGEF6,,,,,,,,,,,,,
,,,,RAB4B,,,,,,,,,,,,,
,,,,OAT,,,,,,,,,,,,,
,,,,UBE2K,,,,,,,,,,,,,
,,,,FBXW2,,,,,,,,,,,,,
,,,,RNF168,,,,,,,,,,,,,
,,,,ATP5L,,,,,,,,,,,,,
,,,,AHSA1,,,,,,,,,,,,,
,,,,HLA-DQA2,,,,,,,,,,,,,
,,,,MAT2A,,,,,,,,,,,,,
,,,,ABHD16A,,,,,,,,,,,,,
,,,,LARP1,,,,,,,,,,,,,
,,,,PRDX6,,,,,,,,,,,,,
,,,,ARHGAP1,,,,,,,,,,,,,
,,,,PRPF8,,,,,,,,,,,,,
,,,,ADA,,,,,,,,,,,,,
,,,,ATP5A1,,,,,,,,,,,,,
,,,,C1GALT1,,,,,,,,,,,,,
,,,,DHPS,,,,,,,,,,,,,
,,,,RAF1,,,,,,,,,,,,,
,,,,RPN1,,,,,,,,,,,,,
,,,,NDFIP2,,,,,,,,,,,,,
,,,,PSMA1,,,,,,,,,,,,,
,,,,USP16,,,,,,,,,,,,,
,,,,PSMB4,,,,,,,,,,,,,
,,,,PEF1,,,,,,,,,,,,,
,,,,DAXX,,,,,,,,,,,,,
,,,,GYG1,,,,,,,,,,,,,
,,,,ABHD3,,,,,,,,,,,,,
,,,,BCAS2,,,,,,,,,,,,,
,,,,PDS5A,,,,,,,,,,,,,
,,,,NR4A1,,,,,,,,,,,,,
,,,,SP3,,,,,,,,,,,,,
,,,,RAD54L2,,,,,,,,,,,,,
,,,,DLD,,,,,,,,,,,,,
,,,,TOMM7,,,,,,,,,,,,,
,,,,ESYT1,,,,,,,,,,,,,
,,,,HM13,,,,,,,,,,,,,
,,,,HAUS3,,,,,,,,,,,,,
,,,,CSK,,,,,,,,,,,,,
,,,,GPX1,,,,,,,,,,,,,
,,,,RBMX,,,,,,,,,,,,,
,,,,RBM25,,,,,,,,,,,,,
,,,,ZMYM6NB,,,,,,,,,,,,,
,,,,APLP2,,,,,,,,,,,,,
,,,,MIF,,,,,,,,,,,,,
,,,,OCIAD1,,,,,,,,,,,,,
,,,,CDV3,,,,,,,,,,,,,
,,,,SUMO1,,,,,,,,,,,,,
,,,,SQRDL,,,,,,,,,,,,,
,,,,UBA6,,,,,,,,,,,,,
,,,,COPZ1,,,,,,,,,,,,,
,,,,ATG12,,,,,,,,,,,,,
,,,,SAFB,,,,,,,,,,,,,
,,,,ERCC3,,,,,,,,,,,,,
,,,,PRPF40A,,,,,,,,,,,,,
,,,,CCDC90B,,,,,,,,,,,,,
,,,,WAPAL,,,,,,,,,,,,,
,,,,SDF4,,,,,,,,,,,,,
,,,,TMEM30A,,,,,,,,,,,,,
,,,,BZW1,,,,,,,,,,,,,
,,,,FIS1,,,,,,,,,,,,,
,,,,UBE2D2,,,,,,,,,,,,,
,,,,SNRNP27,,,,,,,,,,,,,
,,,,KDELR1,,,,,,,,,,,,,
,,,,ANXA11,,,,,,,,,,,,,
,,,,DERL2,,,,,,,,,,,,,
,,,,SHKBP1,,,,,,,,,,,,,
,,,,CAMLG,,,,,,,,,,,,,
,,,,PPP2CA,,,,,,,,,,,,,
,,,,MKL1,,,,,,,,,,,,,
,,,,C14orf119,,,,,,,,,,,,,
,,,,CRKL,,,,,,,,,,,,,
,,,,CRLF3,,,,,,,,,,,,,
,,,,PRPF4B,,,,,,,,,,,,,
,,,,ARID1A,,,,,,,,,,,,,
,,,,STAMBP,,,,,,,,,,,,,
,,,,ADD3,,,,,,,,,,,,,
,,,,SCP2,,,,,,,,,,,,,
,,,,TSC2,,,,,,,,,,,,,
,,,,ARMC8,,,,,,,,,,,,,
,,,,HNRNPH2,,,,,,,,,,,,,
,,,,ATP6V0E2,,,,,,,,,,,,,
,,,,BATF,,,,,,,,,,,,,
,,,,MYO1G,,,,,,,,,,,,,
,,,,PI4KA,,,,,,,,,,,,,
,,,,CNPY3,,,,,,,,,,,,,
,,,,PI4KB,,,,,,,,,,,,,
,,,,FAM129A,,,,,,,,,,,,,
,,,,SF3B2,,,,,,,,,,,,,
,,,,CNOT8,,,,,,,,,,,,,
,,,,SSR4,,,,,,,,,,,,,
,,,,ACAA1,,,,,,,,,,,,,
,,,,LAMP2,,,,,,,,,,,,,
,,,,SPN,,,,,,,,,,,,,
,,,,PRPF6,,,,,,,,,,,,,
,,,,ATP6V1E1,,,,,,,,,,,,,
,,,,ANXA5,,,,,,,,,,,,,
,,,,EHMT1,,,,,,,,,,,,,
,,,,STRAP,,,,,,,,,,,,,
,,,,SEPW1,,,,,,,,,,,,,
,,,,CHURC1,,,,,,,,,,,,,
,,,,U2AF1,,,,,,,,,,,,,
,,,,ERP29,,,,,,,,,,,,,
,,,,DNTTIP2,,,,,,,,,,,,,
,,,,SDHA,,,,,,,,,,,,,
,,,,EIF3D,,,,,,,,,,,,,
,,,,OAS3,,,,,,,,,,,,,
,,,,C9orf16,,,,,,,,,,,,,
,,,,RBM8A,,,,,,,,,,,,,
,,,,STAU1,,,,,,,,,,,,,
,,,,AP2B1,,,,,,,,,,,,,
,,,,HLA-DQA1,,,,,,,,,,,,,
,,,,SMARCA5,,,,,,,,,,,,,
,,,,TPR,,,,,,,,,,,,,
,,,,ZC3H13,,,,,,,,,,,,,
,,,,COX7C,,,,,,,,,,,,,
,,,,LOH12CR1,,,,,,,,,,,,,
,,,,PTGES3,,,,,,,,,,,,,
,,,,EMD,,,,,,,,,,,,,
,,,,SAP18,,,,,,,,,,,,,
,,,,RANBP3,,,,,,,,,,,,,
,,,,TMEM219,,,,,,,,,,,,,
,,,,SRCAP,,,,,,,,,,,,,
,,,,YY1AP1,,,,,,,,,,,,,
,,,,TRIM59,,,,,,,,,,,,,
,,,,SLC25A3,,,,,,,,,,,,,
,,,,SRGAP2,,,,,,,,,,,,,
,,,,CGGBP1,,,,,,,,,,,,,
,,,,AZIN1,,,,,,,,,,,,,
,,,,CUTA,,,,,,,,,,,,,
,,,,TSC22D2,,,,,,,,,,,,,
,,,,CHCHD2,,,,,,,,,,,,,
,,,,NUDCD3,,,,,,,,,,,,,
,,,,PRPF3,,,,,,,,,,,,,
,,,,RBM22,,,,,,,,,,,,,
,,,,GSPT1,,,,,,,,,,,,,
,,,,CDS2,,,,,,,,,,,,,
,,,,STXBP2,,,,,,,,,,,,,
,,,,SUPT20H,,,,,,,,,,,,,
,,,,BSG,,,,,,,,,,,,,
,,,,ARF5,,,,,,,,,,,,,
,,,,STARD7,,,,,,,,,,,,,
,,,,TBCB,,,,,,,,,,,,,
,,,,PHIP,,,,,,,,,,,,,
,,,,PRCC,,,,,,,,,,,,,
,,,,ATG7,,,,,,,,,,,,,
,,,,RBM12,,,,,,,,,,,,,
,,,,BUB3,,,,,,,,,,,,,
,,,,C19orf60,,,,,,,,,,,,,
,,,,STX8,,,,,,,,,,,,,
,,,,PRKCSH,,,,,,,,,,,,,
,,,,RQCD1,,,,,,,,,,,,,
,,,,HSF1,,,,,,,,,,,,,
,,,,HINT1,,,,,,,,,,,,,
,,,,KPNA6,,,,,,,,,,,,,
,,,,IDI1,,,,,,,,,,,,,
,,,,TRA2B,,,,,,,,,,,,,
,,,,RBM3,,,,,,,,,,,,,
,,,,HLA-DMA,,,,,,,,,,,,,
,,,,HSPA4,,,,,,,,,,,,,
,,,,SMU1,,,,,,,,,,,,,
,,,,HLA-DQB1,,,,,,,,,,,,,
,,,,ATRAID,,,,,,,,,,,,,
,,,,ELMO1,,,,,,,,,,,,,
,,,,ATP5EP2,,,,,,,,,,,,,
,,,,ALKBH6,,,,,,,,,,,,,
,,,,RAP1A,,,,,,,,,,,,,
,,,,SELT,,,,,,,,,,,,,
,,,,SDR39U1,,,,,,,,,,,,,
,,,,EEF1B2,,,,,,,,,,,,,
,,,,HSPA9,,,,,,,,,,,,,
,,,,DYNC1I2,,,,,,,,,,,,,
,,,,UPF2,,,,,,,,,,,,,
,,,,THOC2,,,,,,,,,,,,,
,,,,GTF2B,,,,,,,,,,,,,
,,,,DERL1,,,,,,,,,,,,,
,,,,HIGD2A,,,,,,,,,,,,,
,,,,NDUFA13,,,,,,,,,,,,,
,,,,APRT,,,,,,,,,,,,,
,,,,OSTF1,,,,,,,,,,,,,
,,,,RNF114,,,,,,,,,,,,,
,,,,DDX39B,,,,,,,,,,,,,
,,,,MDM2,,,,,,,,,,,,,
,,,,ATP2A3,,,,,,,,,,,,,
,,,,NAA50,,,,,,,,,,,,,
,,,,GEM,,,,,,,,,,,,,
,,,,FERMT3,,,,,,,,,,,,,
,,,,HMGN1,,,,,,,,,,,,,
,,,,RDH11,,,,,,,,,,,,,
,,,,EIF3F,,,,,,,,,,,,,
,,,,USP8,,,,,,,,,,,,,
,,,,PLSCR1,,,,,,,,,,,,,
,,,,RTF1,,,,,,,,,,,,,
,,,,MTMR14,,,,,,,,,,,,,
,,,,FUBP1,,,,,,,,,,,,,
,,,,PPP1CA,,,,,,,,,,,,,
,,,,MTDH,,,,,,,,,,,,,
,,,,PNN,,,,,,,,,,,,,
,,,,ZCCHC11,,,,,,,,,,,,,
,,,,TMED10,,,,,,,,,,,,,
,,,,COMMD1,,,,,,,,,,,,,
,,,,TAGLN2,,,,,,,,,,,,,
,,,,CERS5,,,,,,,,,,,,,
,,,,UPF3A,,,,,,,,,,,,,
,,,,CD28,,,,,,,,,,,,,
,,,,SCAND1,,,,,,,,,,,,,
,,,,C21orf91,,,,,,,,,,,,,
,,,,TMEM179B,,,,,,,,,,,,,
,,,,SLC25A32,,,,,,,,,,,,,
,,,,NT5C3A,,,,,,,,,,,,,
,,,,RPS17,,,,,,,,,,,,,
,,,,ARAF,,,,,,,,,,,,,
,,,,SETD5,,,,,,,,,,,,,
,,,,NAP1L1,,,,,,,,,,,,,
,,,,POLR1D,,,,,,,,,,,,,
,,,,WDR33,,,,,,,,,,,,,
,,,,TFRC,,,,,,,,,,,,,
,,,,PCBP2,,,,,,,,,,,,,
,,,,BRK1,,,,,,,,,,,,,
,,,,COX7A2L,,,,,,,,,,,,,
,,,,GPS2,,,,,,,,,,,,,
,,,,INPP5K,,,,,,,,,,,,,
,,,,SYF2,,,,,,,,,,,,,
,,,,TM2D3,,,,,,,,,,,,,
,,,,LIME1,,,,,,,,,,,,,
,,,,NGLY1,,,,,,,,,,,,,
,,,,RGCC,,,,,,,,,,,,,
,,,,GIT2,,,,,,,,,,,,,
,,,,LGALS3,,,,,,,,,,,,,
,,,,OST4,,,,,,,,,,,,,
,,,,SELK,,,,,,,,,,,,,
,,,,PARK7,,,,,,,,,,,,,
,,,,VRK3,,,,,,,,,,,,,
,,,,RCSD1,,,,,,,,,,,,,
,,,,PCBP1,,,,,,,,,,,,,
,,,,TM9SF2,,,,,,,,,,,,,
,,,,SENP5,,,,,,,,,,,,,
,,,,RMND5A,,,,,,,,,,,,,
,,,,PLEKHB2,,,,,,,,,,,,,
,,,,PCIF1,,,,,,,,,,,,,
,,,,PLEKHG2,,,,,,,,,,,,,
,,,,TMA7,,,,,,,,,,,,,
,,,,HSPE1,,,,,,,,,,,,,
,,,,BAK1,,,,,,,,,,,,,
,,,,TMEM134,,,,,,,,,,,,,
,,,,POLR2B,,,,,,,,,,,,,
,,,,HNRNPUL1,,,,,,,,,,,,,
,,,,VAMP1,,,,,,,,,,,,,
,,,,AEBP2,,,,,,,,,,,,,
,,,,NUCB1,,,,,,,,,,,,,
,,,,TSPAN17,,,,,,,,,,,,,
,,,,SLC7A5,,,,,,,,,,,,,
,,,,COQ10B,,,,,,,,,,,,,
,,,,UBAP1,,,,,,,,,,,,,
,,,,ERP44,,,,,,,,,,,,,
,,,,ERLEC1,,,,,,,,,,,,,
,,,,OSBPL3,,,,,,,,,,,,,
,,,,SNX17,,,,,,,,,,,,,
,,,,ELOVL5,,,,,,,,,,,,,
,,,,RTFDC1,,,,,,,,,,,,,
,,,,DOCK2,,,,,,,,,,,,,
,,,,PCGF5,,,,,,,,,,,,,
,,,,ILF3,,,,,,,,,,,,,
,,,,DSCR3,,,,,,,,,,,,,
,,,,FAS,,,,,,,,,,,,,
,,,,FAM49B,,,,,,,,,,,,,
,,,,SNX20,,,,,,,,,,,,,
,,,,MRFAP1,,,,,,,,,,,,,
,,,,HGS,,,,,,,,,,,,,
,,,,CMTM7,,,,,,,,,,,,,
,,,,ANXA7,,,,,,,,,,,,,
,,,,RPL35,,,,,,,,,,,,,
,,,,DEGS1,,,,,,,,,,,,,
,,,,AMD1,,,,,,,,,,,,,
,,,,TLN1,,,,,,,,,,,,,
,,,,ARPP19,,,,,,,,,,,,,
,,,,MRFAP1L1,,,,,,,,,,,,,
,,,,PSPC1,,,,,,,,,,,,,
,,,,CDC37,,,,,,,,,,,,,
,,,,PTPN2,,,,,,,,,,,,,
,,,,IL27RA,,,,,,,,,,,,,
,,,,RP4-583P15.14,,,,,,,,,,,,,
,,,,TPI1,,,,,,,,,,,,,
,,,,SBNO1,,,,,,,,,,,,,
,,,,UQCRB,,,,,,,,,,,,,
,,,,MAX,,,,,,,,,,,,,
,,,,AGO3,,,,,,,,,,,,,
,,,,TPP2,,,,,,,,,,,,,
,,,,HLA-DRA,,,,,,,,,,,,,
,,,,MED28,,,,,,,,,,,,,
,,,,KLHDC4,,,,,,,,,,,,,
,,,,TMBIM1,,,,,,,,,,,,,
,,,,TAF13,,,,,,,,,,,,,
,,,,METTL23,,,,,,,,,,,,,
,,,,GPR89A,,,,,,,,,,,,,
,,,,SSR1,,,,,,,,,,,,,
,,,,ZNF451,,,,,,,,,,,,,
,,,,TMCO1,,,,,,,,,,,,,
,,,,CIR1,,,,,,,,,,,,,
,,,,LDHB,,,,,,,,,,,,,
,,,,COPA,,,,,,,,,,,,,
,,,,FLII,,,,,,,,,,,,,
,,,,CNOT1,,,,,,,,,,,,,
,,,,RPL36A,,,,,,,,,,,,,
,,,,ANKRD36C,,,,,,,,,,,,,
,,,,IRF3,,,,,,,,,,,,,
,,,,DDX18,,,,,,,,,,,,,
,,,,MAF1,,,,,,,,,,,,,
,,,,NARF,,,,,,,,,,,,,
,,,,LRPAP1,,,,,,,,,,,,,
,,,,RAB1B,,,,,,,,,,,,,
,,,,RAB11B,,,,,,,,,,,,,
,,,,ATG4B,,,,,,,,,,,,,
,,,,NDUFB8,,,,,,,,,,,,,
,,,,CAMK4,,,,,,,,,,,,,
,,,,CCNH,,,,,,,,,,,,,
,,,,NRD1,,,,,,,,,,,,,
,,,,ARL8B,,,,,,,,,,,,,
,,,,DNAJA2,,,,,,,,,,,,,
,,,,ATP5B,,,,,,,,,,,,,
,,,,COMMD6,,,,,,,,,,,,,
,,,,POLR3GL,,,,,,,,,,,,,
,,,,CAST,,,,,,,,,,,,,
,,,,CRIP1,,,,,,,,,,,,,
,,,,AGPAT6,,,,,,,,,,,,,
,,,,TRIM13,,,,,,,,,,,,,
,,,,STAG2,,,,,,,,,,,,,
,,,,SNX6,,,,,,,,,,,,,
,,,,GPATCH8,,,,,,,,,,,,,
,,,,CABIN1,,,,,,,,,,,,,
,,,,RNF167,,,,,,,,,,,,,
,,,,CCNK,,,,,,,,,,,,,
,,,,THUMPD1,,,,,,,,,,,,,
,,,,BCL10,,,,,,,,,,,,,
,,,,PSMF1,,,,,,,,,,,,,
,,,,JAKMIP1,,,,,,,,,,,,,
,,,,PAPOLA,,,,,,,,,,,,,
,,,,NFE2L2,,,,,,,,,,,,,
,,,,SFPQ,,,,,,,,,,,,,
,,,,MOB4,,,,,,,,,,,,,
,,,,SRPR,,,,,,,,,,,,,
,,,,ACTR3,,,,,,,,,,,,,
,,,,RP11-345J4.5,,,,,,,,,,,,,
,,,,RAB7L1,,,,,,,,,,,,,
,,,,CAB39,,,,,,,,,,,,,
,,,,SSR2,,,,,,,,,,,,,
,,,,EIF3K,,,,,,,,,,,,,
,,,,DCP1A,,,,,,,,,,,,,
,,,,RNF7,,,,,,,,,,,,,
,,,,ARHGAP27,,,,,,,,,,,,,
,,,,M6PR,,,,,,,,,,,,,
,,,,HADHB,,,,,,,,,,,,,
,,,,ASCC3,,,,,,,,,,,,,
,,,,CCND3,,,,,,,,,,,,,
,,,,CLASP1,,,,,,,,,,,,,
,,,,ARCN1,,,,,,,,,,,,,
,,,,S100A11,,,,,,,,,,,,,
,,,,SAR1A,,,,,,,,,,,,,
,,,,LGALS9,,,,,,,,,,,,,
,,,,EIF3G,,,,,,,,,,,,,
,,,,GBP1,,,,,,,,,,,,,
,,,,GABARAPL2,,,,,,,,,,,,,
,,,,RTCA,,,,,,,,,,,,,
,,,,HNRNPU,,,,,,,,,,,,,
,,,,PPP6R1,,,,,,,,,,,,,
,,,,NCL,,,,,,,,,,,,,
,,,,PRR4,,,,,,,,,,,,,
,,,,FLNA,,,,,,,,,,,,,
,,,,FYTTD1,,,,,,,,,,,,,
,,,,RFX5,,,,,,,,,,,,,
,,,,SLC9A3R1,,,,,,,,,,,,,
,,,,GTF2I,,,,,,,,,,,,,
,,,,EWSR1,,,,,,,,,,,,,
,,,,ACADVL,,,,,,,,,,,,,
,,,,GRSF1,,,,,,,,,,,,,
,,,,GYPC,,,,,,,,,,,,,
,,,,GALNT2,,,,,,,,,,,,,
,,,,CHP1,,,,,,,,,,,,,
,,,,RGS3,,,,,,,,,,,,,
,,,,ATF6B,,,,,,,,,,,,,
,,,,VPS13B,,,,,,,,,,,,,
,,,,SYAP1,,,,,,,,,,,,,
,,,,GPI,,,,,,,,,,,,,
,,,,RAB6A,,,,,,,,,,,,,
,,,,IP6K2,,,,,,,,,,,,,
,,,,QRICH1,,,,,,,,,,,,,
,,,,COG4,,,,,,,,,,,,,
,,,,MYD88,,,,,,,,,,,,,
,,,,VAMP5,,,,,,,,,,,,,
,,,,ENO1,,,,,,,,,,,,,
,,,,C6orf48,,,,,,,,,,,,,
,,,,HMOX2,,,,,,,,,,,,,
,,,,TROVE2,,,,,,,,,,,,,
,,,,CACUL1,,,,,,,,,,,,,
,,,,SF1,,,,,,,,,,,,,
,,,,PAPD4,,,,,,,,,,,,,
,,,,SH2D1A,,,,,,,,,,,,,
,,,,TOP2B,,,,,,,,,,,,,
,,,,DNAJC3,,,,,,,,,,,,,
,,,,NONO,,,,,,,,,,,,,
,,,,ATP6AP2,,,,,,,,,,,,,
,,,,TOR1AIP2,,,,,,,,,,,,,
,,,,MRPS5,,,,,,,,,,,,,
,,,,ADD1,,,,,,,,,,,,,
,,,,EIF4H,,,,,,,,,,,,,
,,,,CREB1,,,,,,,,,,,,,
,,,,TAP2,,,,,,,,,,,,,
,,,,TOX4,,,,,,,,,,,,,
,,,,STAT5A,,,,,,,,,,,,,
,,,,VAPA,,,,,,,,,,,,,
,,,,ECH1,,,,,,,,,,,,,
,,,,GRB2,,,,,,,,,,,,,
,,,,COPE,,,,,,,,,,,,,
,,,,LATS1,,,,,,,,,,,,,
,,,,SOAT1,,,,,,,,,,,,,
,,,,PLIN2,,,,,,,,,,,,,
,,,,MT-ND6,,,,,,,,,,,,,
,,,,BST2,,,,,,,,,,,,,
,,,,COPB1,,,,,,,,,,,,,
,,,,EIF1B,,,,,,,,,,,,,
,,,,HIF1A,,,,,,,,,,,,,
,,,,MORF4L2,,,,,,,,,,,,,
,,,,ZC3H7A,,,,,,,,,,,,,
,,,,EIF2S3,,,,,,,,,,,,,
,,,,STAMBPL1,,,,,,,,,,,,,
,,,,UGP2,,,,,,,,,,,,,
,,,,TMEM165,,,,,,,,,,,,,
,,,,TRPM7,,,,,,,,,,,,,
,,,,MOV10,,,,,,,,,,,,,
,,,,SMARCC2,,,,,,,,,,,,,
,,,,REEP5,,,,,,,,,,,,,
,,,,CREBZF,,,,,,,,,,,,,
,,,,GLIPR2,,,,,,,,,,,,,
,,,,UQCR11,,,,,,,,,,,,,
,,,,PAFAH1B2,,,,,,,,,,,,,
,,,,AC138969.4,,,,,,,,,,,,,
,,,,PTBP3,,,,,,,,,,,,,
,,,,CAPN1,,,,,,,,,,,,,
,,,,SUPT5H,,,,,,,,,,,,,
,,,,DYNLT1,,,,,,,,,,,,,
,,,,PELI1,,,,,,,,,,,,,
,,,,PHTF1,,,,,,,,,,,,,
,,,,FBXW5,,,,,,,,,,,,,
,,,,USP22,,,,,,,,,,,,,
,,,,SLTM,,,,,,,,,,,,,
,,,,CCDC59,,,,,,,,,,,,,
,,,,DIAPH1,,,,,,,,,,,,,
,,,,TRIM69,,,,,,,,,,,,,
,,,,EDF1,,,,,,,,,,,,,
,,,,PAK2,,,,,,,,,,,,,
,,,,TSPO,,,,,,,,,,,,,
,,,,PDCD6IP,,,,,,,,,,,,,
,,,,PSMB10,,,,,,,,,,,,,